model	nDCG	MAP	MRR	Precision	Recall	F1	HR
GeneralizedMF_seed=42_e=10_bs=512_lr=0$5_mffactors=256_isedgeweighttrain=True	0.004170345945908264	0.0005674211247504409	0.002220233762122616	0.000496661101836394	0.014121164616602415	0.0009378686629691685	0.024415692821368948
NeuMF_seed=42_e=10_bs=256_lr=0$5_mffactors=256_drop=0_batch_eval=256_mftrain=True_mlptrain=True_m=8	0.004043020617676244	0.0005236744132396685	0.0017453330254235562	0.000521702838063439	0.01438318394182334	0.000987563597674272	0.02587646076794658
MultiVAE_seed=42_e=10_bs=256_intermediate_dim=800_latent_dim=400_reg_lambda=0$6_lr=0$6_dropout_pkeep=0$5	0.004039490659486947	0.0005212156238668174	0.0017393648822880631	0.000521702838063439	0.01438318394182334	0.000987563597674272	0.02587646076794658
NGCF_seed=42_e=15_bs=512_lr=0$09_factors=64_l_w=0$4_weight_size=64_node_dropout=_message_dropout=0$4_n_fold=5	0.0040997387434360735	0.0005058478975477597	0.0029175468435884947	0.0004757929883138565	0.012137780605881174	0.0008914857464754711	0.02337228714524207
MultiDAE_seed=42_e=5_bs=1024_intermediate_dim=600_latent_dim=200_reg_lambda=0$6_lr=0$7_dropout_pkeep=0$0	0.024431188538398492	0.003132620335409781	0.01670996279888559	0.0024833055091819703	0.06881870795744217	0.0046899275838170485	0.11602671118530884
ConvNeuMF_seed=42_e=10_bs=16_lr=0$05_embedding_size=50_cnn_channels=1-16-16_cnn_kernels=2-2_cnn_strides=2-2_dropout_prob=0$5_l_w=0$08_l_b=0$07	0.009081943665422242	0.0009779938860606074	0.005317313134825651	0.0009056761268781302	0.02882651870195448	0.001723340015066515	0.044657762938230386
ConvMF_seed=42_e=10_bs=32_lr=0$05_embedding_size=100_cnn_channels=1-32-32_cnn_kernels=2-2_cnn_strides=2-2_dropout_prob=0$4_l_w=0$03_l_b=0$04	0.004043020617676244	0.0005236744132396685	0.0017453330254235562	0.000521702838063439	0.01438318394182334	0.000987563597674272	0.02587646076794658
EASER_neighborhood=3789_l2_norm=3$72	0.030255120853711157	0.004155087902872767	0.02096500094901785	0.0030884808013355593	0.08455680458126748	0.00584761274057927	0.14357262103505844
