model	nDCG	MAP	MRR	Precision	Recall	F1	HR
GeneralizedMF_seed=42_e=10_bs=512_lr=0$5_mffactors=256_isedgeweighttrain=True	0.003183545939600369	0.0006515341029948018	0.0019859335405904167	0.0006863780359028511	0.008570422889324684	0.0012319291579521085	0.013727560718057022
NeuMF_seed=42_e=10_bs=256_lr=0$5_mffactors=256_drop=0_batch_eval=256_mftrain=True_mlptrain=True_m=8	0.002520995886418893	0.00043801437038962416	0.00136621955998609	0.0005279831045406547	0.007650475184794087	0.0009673354972468879	0.010559662090813094
MultiVAE_seed=42_e=10_bs=256_intermediate_dim=800_latent_dim=400_reg_lambda=0$6_lr=0$6_dropout_pkeep=0$5	0.002520995886418893	0.00043801437038962416	0.00136621955998609	0.0005279831045406547	0.007650475184794087	0.0009673354972468879	0.010559662090813094
NGCF_seed=42_e=15_bs=512_lr=0$09_factors=64_l_w=0$4_weight_size=64_node_dropout=_message_dropout=0$4_n_fold=5	0.002197935487606211	0.0005361610156550835	0.0021479288784057634	0.00040126715945089765	0.004463510500997301	0.0007036264080041974	0.008025343189017951
MultiDAE_seed=42_e=5_bs=1024_intermediate_dim=600_latent_dim=200_reg_lambda=0$6_lr=0$7_dropout_pkeep=0$0	0.01358741879185508	0.0035085264044364974	0.012907796794569753	0.002872228088701162	0.028656764926842177	0.005006185552461722	0.05512143611404435
ConvNeuMF_seed=42_e=10_bs=16_lr=0$05_embedding_size=50_cnn_channels=1-16-16_cnn_kernels=2-2_cnn_strides=2-2_dropout_prob=0$5_l_w=0$08_l_b=0$07	0.004988493316109986	0.0010191529564586408	0.00443402020527602	0.0007814149947201689	0.00933319086170195	0.0013970741635251514	0.01562829989440338
ConvMF_seed=42_e=10_bs=32_lr=0$05_embedding_size=100_cnn_channels=1-32-32_cnn_kernels=2-2_cnn_strides=2-2_dropout_prob=0$4_l_w=0$03_l_b=0$04	0.002520995886418893	0.00043801437038962416	0.00136621955998609	0.0005279831045406547	0.007650475184794087	0.0009673354972468879	0.010559662090813094
EASER_neighborhood=3759_l2_norm=3$72	0.02053827932873493	0.005007869035027881	0.019243854708675994	0.003907074973600845	0.042493086824081136	0.006885158316272036	0.07455121436114044
