model	nDCG	MAP	MRR	Precision	Recall	F1	HR
GeneralizedMF_seed=42_e=10_bs=512_lr=0$5_mffactors=256_isedgeweighttrain=True	0.004633505034415104	0.0006088351499779683	0.002348737936424949	0.0005153115100316791	0.014809220482824731	0.0009751600816222865	0.025554382259767687
NeuMF_seed=42_e=10_bs=256_lr=0$5_mffactors=256_drop=0_batch_eval=256_mftrain=True_mlptrain=True_m=8	0.004955990986949222	0.0005676095232290303	0.0020050051853258174	0.0005913410770855333	0.017951360804002423	0.0011238874796073476	0.02914466737064414
MultiVAE_seed=42_e=10_bs=256_intermediate_dim=800_latent_dim=400_reg_lambda=0$6_lr=0$6_dropout_pkeep=0$5	0.0049550001705912766	0.0005666716253071994	0.002003430152524355	0.0005913410770855333	0.017951360804002423	0.0011238874796073476	0.02914466737064414
NGCF_seed=42_e=15_bs=512_lr=0$09_factors=64_l_w=0$4_weight_size=64_node_dropout=_message_dropout=0$4_n_fold=5	0.003734557064007234	0.000471624111150958	0.002523818156582728	0.0003885955649419219	0.011192655168367946	0.0007371643642149134	0.019429778247096092
MultiDAE_seed=42_e=5_bs=1024_intermediate_dim=600_latent_dim=200_reg_lambda=0$6_lr=0$7_dropout_pkeep=0$0	0.02247830053739461	0.003008014355062542	0.014773001183226027	0.002627243928194298	0.06768687596328901	0.004964690094546251	0.11826821541710665
ConvNeuMF_seed=42_e=10_bs=16_lr=0$05_embedding_size=50_cnn_channels=1-16-16_cnn_kernels=2-2_cnn_strides=2-2_dropout_prob=0$5_l_w=0$08_l_b=0$07	0.00776209226975497	0.0008692427158644654	0.005097983876233078	0.0007602956705385429	0.02154286491403704	0.001445237577314924	0.03759239704329462
ConvMF_seed=42_e=10_bs=32_lr=0$05_embedding_size=100_cnn_channels=1-32-32_cnn_kernels=2-2_cnn_strides=2-2_dropout_prob=0$4_l_w=0$03_l_b=0$04	0.004955990986949222	0.0005676095232290303	0.0020050051853258174	0.0005913410770855333	0.017951360804002423	0.0011238874796073476	0.02914466737064414
EASER_neighborhood=3759_l2_norm=3$72	0.028486077111618425	0.003976188268511483	0.021003692237116962	0.0028806758183738124	0.07694547228569078	0.00544572691432484	0.13093980992608237
