model	nDCG	MAP	MRR	Precision	Recall	F1	HR
GeneralizedMF_seed=42_e=10_bs=512_lr=0$5_mffactors=256_isedgeweighttrain=True	0.004588513650939792	0.0006166474874729764	0.0028197785108297593	0.0004812157028281975	0.01355857160521576	0.0009115454270004456	0.023849725622625582
NeuMF_seed=42_e=10_bs=256_lr=0$5_mffactors=256_drop=0_batch_eval=256_mftrain=True_mlptrain=True_m=8	0.005173080171867229	0.0006355698190749573	0.0029551454767656115	0.0005360911777121148	0.016479496681182676	0.001017753871753878	0.026593499366821444
MultiVAE_seed=42_e=10_bs=256_intermediate_dim=800_latent_dim=400_reg_lambda=0$6_lr=0$6_dropout_pkeep=0$5	0.005167059827098701	0.000634234842412352	0.002947120604585989	0.0005318699873364289	0.016471958841226094	0.0010123420892209473	0.026382439848037148
NGCF_seed=42_e=15_bs=512_lr=0$09_factors=64_l_w=0$4_weight_size=64_node_dropout=_message_dropout=0$4_n_fold=5	0.004298913364703401	0.0005633403679254783	0.0025105481528748703	0.0004938792739552553	0.01330909563099864	0.0009316999275216518	0.024060785141409878
MultiDAE_seed=42_e=5_bs=1024_intermediate_dim=600_latent_dim=200_reg_lambda=0$6_lr=0$7_dropout_pkeep=0$0	0.023885867432283787	0.0033319294479030714	0.016877814870778395	0.002558041367665682	0.06617981667394426	0.004824706623446114	0.11608273533136344
ConvNeuMF_seed=42_e=10_bs=16_lr=0$05_embedding_size=50_cnn_channels=1-16-16_cnn_kernels=2-2_cnn_strides=2-2_dropout_prob=0$5_l_w=0$08_l_b=0$07	0.005764079519308073	0.0008158868859356324	0.0038128399952996254	0.0006627268889826931	0.0174460092075492	0.0012458265551279046	0.032503165892781766
ConvMF_seed=42_e=10_bs=32_lr=0$05_embedding_size=100_cnn_channels=1-32-32_cnn_kernels=2-2_cnn_strides=2-2_dropout_prob=0$4_l_w=0$03_l_b=0$04	0.005173080171867229	0.0006355698190749573	0.0029551454767656115	0.0005360911777121148	0.016479496681182676	0.001017753871753878	0.026593499366821444
EASER_neighborhood=3789_l2_norm=3$72	0.02895680334521538	0.004033011982924299	0.02038791050970677	0.0030265934993668215	0.07920047290903695	0.00570577323707349	0.134233853946813
