model	nDCG	MAP	MRR	Precision	Recall	F1	HR
NeuMF_seed=42_e=10_bs=256_lr=0$5_mffactors=256_drop=0_batch_eval=256_mftrain=True_mlptrain=True_m=8	0.025684176359309016	0.0052108465720488795	0.030315193260076482	0.004370515329419439	0.055451808827542685	0.007992516563599625	0.1943900848010437
