model	nDCG	MAP	MRR	Precision	Recall	F1	HR
GeneralizedMF_seed=42_e=15_bs=512_lr=0$5_mffactors=256_isedgeweighttrain=True	0.011176998929623571	0.00660127978131892	0.020278994398368177	0.005348988910632747	0.013907808868669925	0.0074925005712389164	0.05218525766470972
NeuMF_seed=42_e=10_bs=256_lr=0$5_mffactors=256_drop=0_batch_eval=256_mftrain=True_mlptrain=True_m=8	0.012004547384445416	0.007641490386108781	0.02437797036622868	0.004957599478147424	0.012848572388689803	0.006949400296355516	0.04892367906066536
MultiVAE_seed=42_e=10_bs=256_intermediate_dim=800_latent_dim=400_reg_lambda=0$6_lr=0$6_dropout_pkeep=0$5	0.01196226432379591	0.007569658000186376	0.02419418300044523	0.004957599478147424	0.012848572388689803	0.006949400296355516	0.04892367906066536
NGCF_seed=42_e=15_bs=512_lr=0$09_factors=64_l_w=0$4_weight_size=64_node_dropout=_message_dropout=0$4_n_fold=5	0.008641462486697001	0.005021666200726867	0.01493570030752027	0.004435746901500327	0.011359094627196387	0.006181126295271448	0.04435746901500326
MultiDAE_seed=42_e=5_bs=1024_intermediate_dim=600_latent_dim=200_reg_lambda=0$6_lr=0$7_dropout_pkeep=0$0	0.01876551020952391	0.011134899926485054	0.03124048706240487	0.009980430528375734	0.026119533507009046	0.013988678969492773	0.09523809523809523
ConvNeuMF_seed=42_e=10_bs=16_lr=0$06_embedding_size=50_cnn_channels=1-16-16_cnn_kernels=2-2_cnn_strides=2-2_dropout_prob=0$5_l_w=0$05_l_b=0$08	0.011279514480023109	0.006968776856252394	0.021814524896716675	0.005088062622309198	0.012976423446090762	0.007100204559051111	0.0502283105022831
ConvMF_seed=42_e=10_bs=32_lr=0$05_embedding_size=100_cnn_channels=1-16-16_cnn_kernels=2-2_cnn_strides=2-2_dropout_prob=0$4_l_w=0$03_l_b=0$04	0.012004547384445416	0.007641490386108781	0.02437797036622868	0.004957599478147424	0.012848572388689803	0.006949400296355516	0.04892367906066536
EASER_neighborhood=1004_l2_norm=3$72	0.019544515035508345	0.0104316932252353	0.02998581472162685	0.010045662100456623	0.028250706675364206	0.014482819237049697	0.09393346379647749
