model	nDCG	MAP	MRR	Precision	Recall	F1	HR
GeneralizedMF_seed=42_e=15_bs=512_lr=0$5_mffactors=256_isedgeweighttrain=True	0.022859392171253875	0.004965196500169534	0.02584905962306091	0.003861709067188519	0.049297042741269746	0.007077304017083263	0.17873450750163078
NeuMF_seed=42_e=10_bs=256_lr=0$5_mffactors=256_drop=0_batch_eval=256_mftrain=True_mlptrain=True_m=8	0.025684176359309016	0.0052108465720488795	0.030315193260076482	0.004370515329419439	0.055451808827542685	0.007992516563599625	0.1943900848010437
MultiVAE_seed=42_e=10_bs=256_intermediate_dim=800_latent_dim=400_reg_lambda=0$6_lr=0$6_dropout_pkeep=0$5	0.025358926180972827	0.005137868340920285	0.029981439402705527	0.004279191128506197	0.054754452259344624	0.007832086037429298	0.19112850619699934
NGCF_seed=42_e=15_bs=512_lr=0$09_factors=64_l_w=0$4_weight_size=64_node_dropout=_message_dropout=0$4_n_fold=5	0.020682653263596616	0.0042438646412102	0.02038093055117271	0.003887801696020875	0.048773470495584004	0.00711472154624244	0.17873450750163078
MultiDAE_seed=42_e=5_bs=1024_intermediate_dim=600_latent_dim=200_reg_lambda=0$6_lr=0$7_dropout_pkeep=0$0	0.04287667363378856	0.008757923599750047	0.04064741002602328	0.007775603392041748	0.1035851153267983	0.014318506163575623	0.33463796477495106
ConvNeuMF_seed=42_e=10_bs=16_lr=0$06_embedding_size=50_cnn_channels=1-16-16_cnn_kernels=2-2_cnn_strides=2-2_dropout_prob=0$5_l_w=0$05_l_b=0$08	0.024899138182985035	0.005122443364339015	0.02792792581951271	0.004331376386170907	0.055582025787505235	0.007928833072209263	0.19960861056751467
ConvMF_seed=42_e=10_bs=32_lr=0$05_embedding_size=100_cnn_channels=1-16-16_cnn_kernels=2-2_cnn_strides=2-2_dropout_prob=0$4_l_w=0$03_l_b=0$04	0.025684176359309016	0.0052108465720488795	0.030315193260076482	0.004370515329419439	0.055451808827542685	0.007992516563599625	0.1943900848010437
EASER_neighborhood=1004_l2_norm=3$72	0.04242439635900621	0.008833087536680466	0.039697295803858945	0.007606001304631442	0.09870929063688358	0.01398070775815012	0.32615786040443573
