model	nDCG	MAP	MRR	Precision	Recall	F1	HR
GeneralizedMF_seed=42_e=15_bs=512_lr=0$5_mffactors=256_isedgeweighttrain=True	0.016475107459726947	0.005907882813569926	0.02356929443441049	0.005316373124592303	0.0282359989796389	0.008748795364711494	0.10241356816699282
NeuMF_seed=42_e=10_bs=256_lr=0$5_mffactors=256_drop=0_batch_eval=256_mftrain=True_mlptrain=True_m=8	0.01583582735912322	0.006146406248695361	0.02681448492877246	0.004370515329419439	0.023168063725793664	0.007172758916678796	0.08480104370515329
MultiVAE_seed=42_e=10_bs=256_intermediate_dim=800_latent_dim=400_reg_lambda=0$6_lr=0$6_dropout_pkeep=0$5	0.015759031064947717	0.006094177414359416	0.026580186691332806	0.004337899543378995	0.02311788559342375	0.007133224630569167	0.08414872798434442
NGCF_seed=42_e=15_bs=512_lr=0$09_factors=64_l_w=0$4_weight_size=64_node_dropout=_message_dropout=0$4_n_fold=5	0.012350307257825268	0.004616989368387404	0.017432711882524973	0.004174820613176778	0.021038758661067858	0.006816452469393864	0.0821917808219178
MultiDAE_seed=42_e=5_bs=1024_intermediate_dim=600_latent_dim=200_reg_lambda=0$6_lr=0$7_dropout_pkeep=0$0	0.024859359951499356	0.010008501168901162	0.034953704444867895	0.008056099151989564	0.04209039673814625	0.013247846625299053	0.14938030006523156
ConvNeuMF_seed=42_e=10_bs=16_lr=0$06_embedding_size=50_cnn_channels=1-16-16_cnn_kernels=2-2_cnn_strides=2-2_dropout_prob=0$5_l_w=0$05_l_b=0$08	0.014673094255660147	0.005880632021826063	0.024151826817864396	0.004305283757338552	0.021568297253228754	0.006996219011497828	0.08284409654272668
ConvMF_seed=42_e=10_bs=32_lr=0$05_embedding_size=100_cnn_channels=1-16-16_cnn_kernels=2-2_cnn_strides=2-2_dropout_prob=0$4_l_w=0$03_l_b=0$04	0.01583582735912322	0.006146406248695361	0.02681448492877246	0.004370515329419439	0.023168063725793664	0.007172758916678796	0.08480104370515329
EASER_neighborhood=1004_l2_norm=3$72	0.026962979190906452	0.00983257594684303	0.03461221575880201	0.00877364644487932	0.047819103053936704	0.014551967359861358	0.162426614481409
