model	nDCG	MAP	MRR	Precision	Recall	F1	HR
NeuMF_seed=42_e=10_bs=256_lr=0$08_mffactors=256_drop=0$3_batch_eval=256_mftrain=True_mlptrain=True_m=8	0.003752193926788634	0.00048226687021732	0.001677369159988059	0.000548346588530766	0.01308663430890304	0.0010307991160842377	0.027208036835496024
