model	nDCG	MAP	MRR	Precision	Recall	F1	HR
NeuMF_seed=42_e=10_bs=256_lr=0$08_mffactors=256_drop=0$3_batch_eval=256_mftrain=True_mlptrain=True_m=8	0.0009596286944557436	0.0002628947490814381	0.0007459785923578304	0.0004395144411887819	0.0022530513530932116	0.000692343035619819	0.004395144411887819
