model	nDCG	MAP	MRR	Precision	Recall	F1	HR
NeuMF_seed=42_e=10_bs=256_lr=0$08_mffactors=256_drop=0$3_batch_eval=256_mftrain=True_mlptrain=True_m=8	0.001977597673677946	0.00039803935939612293	0.0012036565393216817	0.0005546253662620344	0.005661613745540074	0.0009758661272448009	0.011092507325240687
