model	nDCG	MAP	MRR	Precision	Recall	F1	HR
GeneralizedMF_seed=42_e=15_bs=512_lr=0$5_mffactors=256_isedgeweighttrain=True	0.014569914598276284	0.005395877052658338	0.021779766449459764	0.004670505438259758	0.024130206183948982	0.007657111815756689	0.09085092770313499
NeuMF_seed=42_e=10_bs=256_lr=0$5_mffactors=256_drop=0_batch_eval=256_mftrain=True_mlptrain=True_m=8	0.014553121496892843	0.00544308204969487	0.02316206524749574	0.004318618042226488	0.02235068904934548	0.0071009967920940015	0.0838131797824696
MultiVAE_seed=42_e=10_bs=256_intermediate_dim=800_latent_dim=400_reg_lambda=0$6_lr=0$6_dropout_pkeep=0$5	0.01428856501867659	0.005374581723418208	0.02291660632253562	0.00415866922584773	0.021832759548690454	0.006859673934008507	0.08125399872040946
NGCF_seed=42_e=15_bs=512_lr=0$09_factors=64_l_w=0$4_weight_size=64_node_dropout=_message_dropout=0$4_n_fold=5	0.011974903435140242	0.005011276916159613	0.018052652850731085	0.004254638515674984	0.02046333917735069	0.006876155009019214	0.08509277031349968
MultiDAE_seed=42_e=5_bs=1024_intermediate_dim=600_latent_dim=200_reg_lambda=0$6_lr=0$7_dropout_pkeep=0$0	0.019751713836883424	0.0075562476770003675	0.024563474857176536	0.006813819577735125	0.03637130623694923	0.011257992935467538	0.12923864363403711
ConvNeuMF_seed=42_e=10_bs=16_lr=0$06_embedding_size=50_cnn_channels=1-16-16_cnn_kernels=2-2_cnn_strides=2-2_dropout_prob=0$5_l_w=0$05_l_b=0$08	0.015699070498567013	0.005715258618938729	0.024328578289242765	0.004862444017914267	0.02525667976723639	0.007983798408873779	0.09341010876519514
ConvMF_seed=42_e=10_bs=32_lr=0$05_embedding_size=100_cnn_channels=1-16-16_cnn_kernels=2-2_cnn_strides=2-2_dropout_prob=0$4_l_w=0$03_l_b=0$04	0.014553121496892843	0.00544308204969487	0.02316206524749574	0.004318618042226488	0.02235068904934548	0.0071009967920940015	0.0838131797824696
EASER_neighborhood=1005_l2_norm=3$72	0.030234233600062946	0.011734378979365849	0.04228831483470989	0.009692898272552784	0.050893959243287455	0.01596675692111848	0.18426103646833014
