model	nDCG	MAP	MRR	Precision	Recall	F1	HR
GeneralizedMF_seed=42_e=15_bs=512_lr=0$5_mffactors=256_isedgeweighttrain=True	0.010119079022811275	0.006141526774924087	0.018842478343438034	0.004670505438259757	0.012453157846631934	0.006595035001350553	0.04670505438259757
NeuMF_seed=42_e=10_bs=256_lr=0$5_mffactors=256_drop=0_batch_eval=256_mftrain=True_mlptrain=True_m=8	0.010306200278250698	0.006452081365709005	0.020228447531710488	0.004222648752399232	0.011434563162010377	0.006019469521576092	0.04222648752399232
MultiVAE_seed=42_e=10_bs=256_intermediate_dim=800_latent_dim=400_reg_lambda=0$6_lr=0$6_dropout_pkeep=0$5	0.010168458073273535	0.00640544232194904	0.02010505844478973	0.004158669225847729	0.01111466552925286	0.005912836977323586	0.04158669225847729
NGCF_seed=42_e=15_bs=512_lr=0$09_factors=64_l_w=0$4_weight_size=64_node_dropout=_message_dropout=0$4_n_fold=5	0.008974815645433967	0.005272801592379328	0.01577069940793549	0.005246321177223288	0.012947014242599652	0.007165969265230629	0.052463211772232884
MultiDAE_seed=42_e=5_bs=1024_intermediate_dim=600_latent_dim=200_reg_lambda=0$6_lr=0$7_dropout_pkeep=0$0	0.014479941292420676	0.007714966131472848	0.021236378961906794	0.008381317978246962	0.022335162882187832	0.011853254022565603	0.08061420345489444
ConvNeuMF_seed=42_e=10_bs=16_lr=0$06_embedding_size=50_cnn_channels=1-16-16_cnn_kernels=2-2_cnn_strides=2-2_dropout_prob=0$5_l_w=0$05_l_b=0$08	0.010454396940691757	0.006501868608394521	0.02081670373417014	0.004414587332053743	0.011773756207537397	0.006238267460434881	0.04350607805502239
ConvMF_seed=42_e=10_bs=32_lr=0$05_embedding_size=100_cnn_channels=1-16-16_cnn_kernels=2-2_cnn_strides=2-2_dropout_prob=0$4_l_w=0$03_l_b=0$04	0.010306200278250698	0.006452081365709005	0.020228447531710488	0.004222648752399232	0.011434563162010377	0.006019469521576092	0.04222648752399232
EASER_neighborhood=1005_l2_norm=3$72	0.022262133526398675	0.013012826371751517	0.037029928200753535	0.01126039667306462	0.030077763283137566	0.015926384776030908	0.10812539987204095
