model	nDCG	MAP	MRR	Precision	Recall	F1	HR
NeuMF_seed=42_e=10_bs=256_lr=0$5_mffactors=256_drop=0_batch_eval=256_mftrain=True_mlptrain=True_m=8	0.010306200278250698	0.006452081365709005	0.020228447531710488	0.004222648752399232	0.011434563162010377	0.006019469521576092	0.04222648752399232
