model	nDCG	MAP	MRR	Precision	Recall	F1	HR
GeneralizedMF_seed=42_e=15_bs=512_lr=0$5_mffactors=256_isedgeweighttrain=True	0.021725897553204216	0.004654067201115275	0.0245433970173203	0.003774792066538708	0.04760813757934679	0.006921513638993255	0.17978246960972488
NeuMF_seed=42_e=10_bs=256_lr=0$5_mffactors=256_drop=0_batch_eval=256_mftrain=True_mlptrain=True_m=8	0.024946908381389413	0.004849498140596284	0.026845230136685074	0.004401791426743442	0.057382025808129455	0.00808885900126657	0.20217530390275112
MultiVAE_seed=42_e=10_bs=256_intermediate_dim=800_latent_dim=400_reg_lambda=0$6_lr=0$6_dropout_pkeep=0$5	0.024715326932378198	0.004769030311731058	0.026614764349523663	0.00435060780550224	0.05697483010342895	0.00799955313191558	0.20025591810620602
NGCF_seed=42_e=15_bs=512_lr=0$09_factors=64_l_w=0$4_weight_size=64_node_dropout=_message_dropout=0$4_n_fold=5	0.020429883336553684	0.0044239267068949305	0.021074160355618852	0.003889955214331414	0.04894893796045427	0.007122984765307592	0.1836212412028151
MultiDAE_seed=42_e=5_bs=1024_intermediate_dim=600_latent_dim=200_reg_lambda=0$6_lr=0$7_dropout_pkeep=0$0	0.032725984251370174	0.006791915567511868	0.028798487242853922	0.006078055022392835	0.08044228288949977	0.011179340905410303	0.2674344209852847
ConvNeuMF_seed=42_e=10_bs=16_lr=0$06_embedding_size=50_cnn_channels=1-16-16_cnn_kernels=2-2_cnn_strides=2-2_dropout_prob=0$5_l_w=0$05_l_b=0$08	0.024989397334678528	0.005096266611403978	0.02765134500077343	0.004401791426743442	0.05579444725318045	0.008072658058345453	0.19961612284069097
ConvMF_seed=42_e=10_bs=32_lr=0$05_embedding_size=100_cnn_channels=1-16-16_cnn_kernels=2-2_cnn_strides=2-2_dropout_prob=0$4_l_w=0$03_l_b=0$04	0.024946908381389413	0.004849498140596284	0.026845230136685074	0.004401791426743442	0.057382025808129455	0.00808885900126657	0.20217530390275112
EASER_neighborhood=1005_l2_norm=3$72	0.046452951244527994	0.009947829697168863	0.04708066333071948	0.007895073576455533	0.10596966834970671	0.014545746822298037	0.33589251439539347
