model	nDCG	MAP	MRR	Precision	Recall	F1	HR
NeuMF_seed=42_e=10_bs=256_lr=0$08_mffactors=256_drop=0$3_batch_eval=256_mftrain=True_mlptrain=True_m=8	0.0006917489449322734	0.00024372073222647935	0.0007677194618446215	0.0002554278416347382	0.0012082142350341584	0.00039339609713736376	0.002554278416347382
