model	nDCG	MAP	MRR	Precision	Recall	F1	HR
NeuMF_seed=42_e=10_bs=256_lr=0$5_mffactors=256_drop=0_batch_eval=256_mftrain=True_mlptrain=True_m=8	0.015936676586958853	0.006139871637936654	0.02571385543685496	0.004615384615384616	0.02440147815147815	0.00759814962930209	0.09038461538461538
