model	nDCG	MAP	MRR	Precision	Recall	F1	HR
GeneralizedMF_seed=42_e=15_bs=512_lr=0$5_mffactors=256_isedgeweighttrain=True	0.013912954430322502	0.005411276877076027	0.020445338630546418	0.004519230769230769	0.0231211914865761	0.0073814686106203975	0.08653846153846154
NeuMF_seed=42_e=10_bs=256_lr=0$5_mffactors=256_drop=0_batch_eval=256_mftrain=True_mlptrain=True_m=8	0.015936676586958853	0.006139871637936654	0.02571385543685496	0.004615384615384616	0.02440147815147815	0.00759814962930209	0.09038461538461538
MultiVAE_seed=42_e=10_bs=256_intermediate_dim=800_latent_dim=400_reg_lambda=0$6_lr=0$6_dropout_pkeep=0$5	0.01572674033211179	0.00605189129003951	0.025428474207647822	0.004551282051282051	0.024027546527546524	0.007488989465794102	0.0891025641025641
NGCF_seed=42_e=15_bs=512_lr=0$09_factors=64_l_w=0$4_weight_size=64_node_dropout=_message_dropout=0$4_n_fold=5	0.011926418245902468	0.004555869464527032	0.017388508924216832	0.004134615384615385	0.020125476375476375	0.006719523764798507	0.08205128205128205
MultiDAE_seed=42_e=5_bs=1024_intermediate_dim=600_latent_dim=200_reg_lambda=0$6_lr=0$7_dropout_pkeep=0$0	0.02179654096167541	0.008058729031695066	0.02802774952713926	0.007211538461538462	0.039600020077961255	0.011925105089793452	0.14102564102564102
ConvNeuMF_seed=42_e=10_bs=16_lr=0$06_embedding_size=50_cnn_channels=1-16-16_cnn_kernels=2-2_cnn_strides=2-2_dropout_prob=0$5_l_w=0$05_l_b=0$08	0.015936676586958853	0.006139871637936654	0.02571385543685496	0.004615384615384616	0.02440147815147815	0.00759814962930209	0.09038461538461538
ConvMF_seed=42_e=10_bs=32_lr=0$05_embedding_size=100_cnn_channels=1-16-16_cnn_kernels=2-2_cnn_strides=2-2_dropout_prob=0$4_l_w=0$03_l_b=0$04	0.015936676586958853	0.006139871637936654	0.02571385543685496	0.004615384615384616	0.02440147815147815	0.00759814962930209	0.09038461538461538
EASER_neighborhood=1019_l2_norm=3$72	0.0277959396616531	0.010464037900529475	0.03903060361264696	0.00871794871794872	0.04680946368446368	0.014389537324381474	0.16666666666666666
