model	nDCG	MAP	MRR	Precision	Recall	F1	HR
NeuMF_seed=42_e=10_bs=256_lr=0$5_mffactors=256_drop=0_batch_eval=256_mftrain=True_mlptrain=True_m=8	0.0250777336268849	0.005149322984935847	0.0290575844249615	0.0042435897435897435	0.05472659756030797	0.007780384893736755	0.1967948717948718
