model	nDCG	MAP	MRR	Precision	Recall	F1	HR
NeuMF_seed=42_e=10_bs=256_lr=0$5_mffactors=256_drop=0_batch_eval=256_mftrain=True_mlptrain=True_m=8	0.012112194152084107	0.007259030321530321	0.023201566951566954	0.0054487179487179484	0.014280881155881157	0.007676290471896569	0.05384615384615385
