model	nDCG	MAP	MRR	Precision	Recall	F1	HR
GeneralizedMF_seed=42_e=15_bs=512_lr=0$5_mffactors=256_isedgeweighttrain=True	0.02202711545517725	0.004636620686984908	0.023143728591400157	0.0039743589743589745	0.0503028292932139	0.007274153400612794	0.1762820512820513
NeuMF_seed=42_e=10_bs=256_lr=0$5_mffactors=256_drop=0_batch_eval=256_mftrain=True_mlptrain=True_m=8	0.0250777336268849	0.005149322984935847	0.0290575844249615	0.0042435897435897435	0.05472659756030797	0.007780384893736755	0.1967948717948718
MultiVAE_seed=42_e=10_bs=256_intermediate_dim=800_latent_dim=400_reg_lambda=0$6_lr=0$6_dropout_pkeep=0$5	0.024782699563107267	0.005072895013978553	0.02872707187106701	0.004179487179487179	0.05417076450447491	0.00766800834034078	0.19423076923076923
NGCF_seed=42_e=15_bs=512_lr=0$09_factors=64_l_w=0$4_weight_size=64_node_dropout=_message_dropout=0$4_n_fold=5	0.021690135683542083	0.004335890243618167	0.020832104428603143	0.004179487179487179	0.053174184517510305	0.007662243959292977	0.1955128205128205
MultiDAE_seed=42_e=5_bs=1024_intermediate_dim=600_latent_dim=200_reg_lambda=0$6_lr=0$7_dropout_pkeep=0$0	0.035924110706428314	0.00724639888867121	0.03239572377944949	0.006551282051282052	0.08756064322806403	0.012053149926601118	0.28846153846153844
ConvNeuMF_seed=42_e=10_bs=16_lr=0$06_embedding_size=50_cnn_channels=1-16-16_cnn_kernels=2-2_cnn_strides=2-2_dropout_prob=0$5_l_w=0$05_l_b=0$08	0.0250777336268849	0.005149322984935847	0.0290575844249615	0.0042435897435897435	0.05472659756030797	0.007780384893736755	0.1967948717948718
ConvMF_seed=42_e=10_bs=32_lr=0$05_embedding_size=100_cnn_channels=1-16-16_cnn_kernels=2-2_cnn_strides=2-2_dropout_prob=0$4_l_w=0$03_l_b=0$04	0.0250777336268849	0.005149322984935847	0.0290575844249615	0.0042435897435897435	0.05472659756030797	0.007780384893736755	0.1967948717948718
EASER_neighborhood=1019_l2_norm=3$72	0.041751450593270296	0.00886718485135602	0.0437358142731061	0.007102564102564103	0.09362741958895804	0.013043538571438024	0.3153846153846154
