model	nDCG	MAP	MRR	Precision	Recall	F1	HR
GeneralizedMF_seed=42_e=15_bs=512_lr=0$5_mffactors=256_isedgeweighttrain=True	0.010179040297618949	0.005960164835164835	0.017949989824989826	0.005192307692307692	0.013501776001776001	0.007237485387342497	0.05064102564102564
NeuMF_seed=42_e=10_bs=256_lr=0$5_mffactors=256_drop=0_batch_eval=256_mftrain=True_mlptrain=True_m=8	0.012112194152084107	0.007259030321530321	0.023201566951566954	0.0054487179487179484	0.014280881155881157	0.007676290471896569	0.05384615384615385
MultiVAE_seed=42_e=10_bs=256_intermediate_dim=800_latent_dim=400_reg_lambda=0$6_lr=0$6_dropout_pkeep=0$5	0.012038613044710123	0.00712550875050875	0.023001882376882377	0.0054487179487179484	0.014280881155881157	0.007676290471896569	0.05384615384615385
NGCF_seed=42_e=15_bs=512_lr=0$09_factors=64_l_w=0$4_weight_size=64_node_dropout=_message_dropout=0$4_n_fold=5	0.008487746299596472	0.00502714183964184	0.015001271876271875	0.004487179487179487	0.01127983127983128	0.006209998627985054	0.04487179487179487
MultiDAE_seed=42_e=5_bs=1024_intermediate_dim=600_latent_dim=200_reg_lambda=0$6_lr=0$7_dropout_pkeep=0$0	0.016131524981440985	0.008559345746845746	0.024407814407814407	0.00858974358974359	0.024494176847118028	0.012320415270621669	0.0858974358974359
ConvNeuMF_seed=42_e=10_bs=16_lr=0$06_embedding_size=50_cnn_channels=1-16-16_cnn_kernels=2-2_cnn_strides=2-2_dropout_prob=0$5_l_w=0$05_l_b=0$08	0.012112194152084107	0.007259030321530321	0.023201566951566954	0.0054487179487179484	0.014280881155881157	0.007676290471896569	0.05384615384615385
ConvMF_seed=42_e=10_bs=32_lr=0$05_embedding_size=100_cnn_channels=1-16-16_cnn_kernels=2-2_cnn_strides=2-2_dropout_prob=0$4_l_w=0$03_l_b=0$04	0.012112194152084107	0.007259030321530321	0.023201566951566954	0.0054487179487179484	0.014280881155881157	0.007676290471896569	0.05384615384615385
EASER_neighborhood=1019_l2_norm=3$72	0.019894151106437028	0.011714183964183963	0.03382936507936508	0.009551282051282051	0.025958786583786583	0.013551431335725216	0.09102564102564102
