model	nDCG	MAP	MRR	Precision	Recall	F1	HR
GeneralizedMF_seed=42_e=15_bs=512_lr=0$5_mffactors=256_isedgeweighttrain=True	0.02234773733973674	0.004761366587882845	0.02646138933490625	0.003713355048859935	0.047218884987614625	0.006809933591638429	0.16807817589576549
NeuMF_seed=42_e=10_bs=256_lr=0$5_mffactors=256_drop=0_batch_eval=256_mftrain=True_mlptrain=True_m=8	0.025319630679451265	0.004914693970814509	0.030834592006261884	0.004143322475570033	0.05395022820104254	0.007601189180129064	0.18827361563517916
MultiVAE_seed=42_e=10_bs=256_intermediate_dim=800_latent_dim=400_reg_lambda=0$6_lr=0$6_dropout_pkeep=0$5	0.025044685027040454	0.00485142135226479	0.03053183386174673	0.004078175895765472	0.05336132380106321	0.007484739451042874	0.18501628664495115
NGCF_seed=42_e=15_bs=512_lr=0$09_factors=64_l_w=0$4_weight_size=64_node_dropout=_message_dropout=0$4_n_fold=5	0.024312568594694616	0.0050985202405734766	0.024023430067400584	0.00457328990228013	0.05722494841387349	0.008373099485054394	0.20195439739413681
MultiDAE_seed=42_e=5_bs=1024_intermediate_dim=600_latent_dim=200_reg_lambda=0$6_lr=0$7_dropout_pkeep=0$0	0.04693335377693246	0.009399868585014352	0.04174330010674278	0.00857328990228013	0.11448700593651734	0.01579745322086058	0.3667752442996743
ConvNeuMF_seed=42_e=10_bs=16_lr=0$06_embedding_size=50_cnn_channels=1-16-16_cnn_kernels=2-2_cnn_strides=2-2_dropout_prob=0$5_l_w=0$05_l_b=0$08	0.025316892805865902	0.0049117803824272055	0.030830907282805048	0.004143322475570033	0.05395022820104254	0.007601189180129064	0.18827361563517916
ConvMF_seed=42_e=10_bs=32_lr=0$05_embedding_size=100_cnn_channels=1-16-16_cnn_kernels=2-2_cnn_strides=2-2_dropout_prob=0$4_l_w=0$03_l_b=0$04	0.025319630679451265	0.004914693970814509	0.030834592006261884	0.004143322475570033	0.05395022820104254	0.007601189180129064	0.18827361563517916
EASER_neighborhood=1002_l2_norm=3$72	0.04264856299888956	0.009029781096669973	0.04096859035584624	0.007674267100977198	0.0989576077198227	0.0140911495883785	0.3250814332247557
