model	nDCG	MAP	MRR	Precision	Recall	F1	HR
GeneralizedMF_seed=42_e=15_bs=512_lr=0$5_mffactors=256_isedgeweighttrain=True	0.015528892505622295	0.005861267723121174	0.024126545196270187	0.0047557003257329	0.024398451711155292	0.007757959482600184	0.09055374592833876
NeuMF_seed=42_e=10_bs=256_lr=0$5_mffactors=256_drop=0_batch_eval=256_mftrain=True_mlptrain=True_m=8	0.015042024980367266	0.0061090490193968375	0.027225332508331875	0.0037785016286644955	0.019256290217202265	0.006158429604912731	0.07100977198697069
MultiVAE_seed=42_e=10_bs=256_intermediate_dim=800_latent_dim=400_reg_lambda=0$6_lr=0$6_dropout_pkeep=0$5	0.01492860006974645	0.00605321792557954	0.02700537331443131	0.003745928338762215	0.019093423767690867	0.006104140788408932	0.07035830618892508
NGCF_seed=42_e=15_bs=512_lr=0$09_factors=64_l_w=0$4_weight_size=64_node_dropout=_message_dropout=0$4_n_fold=5	0.014466699660821425	0.005713326156911588	0.02072256816889283	0.004788273615635179	0.02482427814675371	0.007862484655062412	0.09381107491856677
MultiDAE_seed=42_e=5_bs=1024_intermediate_dim=600_latent_dim=200_reg_lambda=0$6_lr=0$7_dropout_pkeep=0$0	0.02786235675933428	0.010114116464498672	0.03576722092181799	0.009250814332247559	0.04996749721505422	0.015321660033348939	0.17263843648208468
ConvNeuMF_seed=42_e=10_bs=16_lr=0$06_embedding_size=50_cnn_channels=1-16-16_cnn_kernels=2-2_cnn_strides=2-2_dropout_prob=0$5_l_w=0$05_l_b=0$08	0.015042024980367266	0.0061090490193968375	0.027225332508331875	0.0037785016286644955	0.019256290217202265	0.006158429604912731	0.07100977198697069
ConvMF_seed=42_e=10_bs=32_lr=0$05_embedding_size=100_cnn_channels=1-16-16_cnn_kernels=2-2_cnn_strides=2-2_dropout_prob=0$4_l_w=0$03_l_b=0$04	0.015042024980367266	0.0061090490193968375	0.027225332508331875	0.0037785016286644955	0.019256290217202265	0.006158429604912731	0.07100977198697069
EASER_neighborhood=1002_l2_norm=3$72	0.027547278640198538	0.010272636591834663	0.036258293787060136	0.009153094462540716	0.048827690586648244	0.015126060097678631	0.17133550488599347
