model	nDCG	MAP	MRR	Precision	Recall	F1	HR
GeneralizedMF_seed=42_e=15_bs=512_lr=0$5_mffactors=256_isedgeweighttrain=True	0.010994909300953332	0.0066911224859107585	0.0212186546714234	0.004885993485342019	0.012656039219557135	0.00679020344549131	0.048859934853420196
NeuMF_seed=42_e=10_bs=256_lr=0$5_mffactors=256_drop=0_batch_eval=256_mftrain=True_mlptrain=True_m=8	0.01268712392427571	0.007879091050100822	0.025645261361873742	0.005016286644951139	0.013431593741039995	0.007035554738936109	0.048859934853420196
MultiVAE_seed=42_e=10_bs=256_intermediate_dim=800_latent_dim=400_reg_lambda=0$6_lr=0$6_dropout_pkeep=0$5	0.012635787248654884	0.007791505092808024	0.025470503076366273	0.005016286644951139	0.013431593741039995	0.007035554738936109	0.048859934853420196
NGCF_seed=42_e=15_bs=512_lr=0$09_factors=64_l_w=0$4_weight_size=64_node_dropout=_message_dropout=0$4_n_fold=5	0.010599192239884533	0.006548859934853422	0.018295072643606844	0.005602605863192184	0.014519696734680449	0.007849536056845382	0.056026058631921824
MultiDAE_seed=42_e=5_bs=1024_intermediate_dim=600_latent_dim=200_reg_lambda=0$6_lr=0$7_dropout_pkeep=0$0	0.019350548928863877	0.010603097047722455	0.030674215397342434	0.010097719869706841	0.027314513210278682	0.014367338366945067	0.09706840390879479
ConvNeuMF_seed=42_e=10_bs=16_lr=0$06_embedding_size=50_cnn_channels=1-16-16_cnn_kernels=2-2_cnn_strides=2-2_dropout_prob=0$5_l_w=0$05_l_b=0$08	0.01268712392427571	0.007879091050100822	0.025645261361873742	0.005016286644951139	0.013431593741039995	0.007035554738936109	0.048859934853420196
ConvMF_seed=42_e=10_bs=32_lr=0$05_embedding_size=100_cnn_channels=1-16-16_cnn_kernels=2-2_cnn_strides=2-2_dropout_prob=0$4_l_w=0$03_l_b=0$04	0.01268712392427571	0.007879091050100822	0.025645261361873742	0.005016286644951139	0.013431593741039995	0.007035554738936109	0.048859934853420196
EASER_neighborhood=1002_l2_norm=3$72	0.019499137051959173	0.010969830929114317	0.03137816038467504	0.010162866449511402	0.027665886411814753	0.014455845348333322	0.09902280130293159
