model	nDCG	MAP	MRR	Precision	Recall	F1	HR
GeneralizedMF_seed=42_e=15_bs=512_lr=0$5_mffactors=256_isedgeweighttrain=True	0.009670364457060458	0.005557710837263553	0.017141842892641614	0.0039616613418530355	0.011179826563213147	0.005680028484952371	0.03961661341853035
NeuMF_seed=42_e=10_bs=256_lr=0$5_mffactors=256_drop=0_batch_eval=256_mftrain=True_mlptrain=True_m=8	0.009452293270173738	0.005676682387545007	0.01730615142755718	0.004728434504792332	0.012276991733860742	0.006600496199997679	0.04600638977635783
MultiVAE_seed=42_e=10_bs=256_intermediate_dim=800_latent_dim=400_reg_lambda=0$6_lr=0$6_dropout_pkeep=0$5	0.009322028733433844	0.0055844870429534975	0.01711014757340636	0.004664536741214058	0.012063999188599826	0.006502191948338794	0.04536741214057508
NGCF_seed=42_e=15_bs=512_lr=0$09_factors=64_l_w=0$4_weight_size=64_node_dropout=_message_dropout=0$4_n_fold=5	0.009470816248700928	0.004983822709062325	0.015027384755819263	0.004920127795527157	0.014108474060550736	0.007001796696749169	0.049201277955271565
MultiDAE_seed=42_e=5_bs=1024_intermediate_dim=600_latent_dim=200_reg_lambda=0$6_lr=0$7_dropout_pkeep=0$0	0.016779459403437523	0.008448273239008064	0.02394771540138952	0.009840255591054314	0.02719333914222093	0.01407596477636735	0.09520766773162939
ConvNeuMF_seed=42_e=10_bs=16_lr=0$06_embedding_size=50_cnn_channels=1-16-16_cnn_kernels=2-2_cnn_strides=2-2_dropout_prob=0$5_l_w=0$05_l_b=0$08	0.011929126850134465	0.007026091586794462	0.021169937623611745	0.005623003194888179	0.015057328188318604	0.00800170678576993	0.0536741214057508
ConvMF_seed=42_e=10_bs=32_lr=0$05_embedding_size=100_cnn_channels=1-16-16_cnn_kernels=2-2_cnn_strides=2-2_dropout_prob=0$4_l_w=0$03_l_b=0$04	0.009452293270173738	0.005676682387545007	0.01730615142755718	0.004728434504792332	0.012276991733860742	0.006600496199997679	0.04600638977635783
EASER_neighborhood=1009_l2_norm=3$72	0.020164852689986322	0.011521273898270703	0.034105431309904156	0.009840255591054314	0.0268789215754072	0.013939590601476476	0.09329073482428114
