model	nDCG	MAP	MRR	Precision	Recall	F1	HR
GeneralizedMF_seed=42_e=15_bs=512_lr=0$5_mffactors=256_isedgeweighttrain=True	0.01952571666643933	0.0039118189079309605	0.021741034329218128	0.003220447284345048	0.041475503552180874	0.005902556234395263	0.1476038338658147
NeuMF_seed=42_e=10_bs=256_lr=0$5_mffactors=256_drop=0_batch_eval=256_mftrain=True_mlptrain=True_m=8	0.02067967615768113	0.004184612752895579	0.022118358452134074	0.003680511182108627	0.047942720219078035	0.0067604817148515855	0.1706070287539936
MultiVAE_seed=42_e=10_bs=256_intermediate_dim=800_latent_dim=400_reg_lambda=0$6_lr=0$6_dropout_pkeep=0$5	0.020416449514499006	0.004124756205475187	0.021866934390462674	0.0036166134185303517	0.047381839849890965	0.0066462941749858085	0.16805111821086263
NGCF_seed=42_e=15_bs=512_lr=0$09_factors=64_l_w=0$4_weight_size=64_node_dropout=_message_dropout=0$4_n_fold=5	0.02158579866456422	0.004224876015470499	0.02003158871257713	0.0040127795527156555	0.05289141990419945	0.007368786852294099	0.18146964856230033
MultiDAE_seed=42_e=5_bs=1024_intermediate_dim=600_latent_dim=200_reg_lambda=0$6_lr=0$7_dropout_pkeep=0$0	0.04090510083208719	0.008516250488860773	0.0337441110119684	0.007680511182108626	0.10265654030031025	0.014153537552754562	0.32651757188498404
ConvNeuMF_seed=42_e=10_bs=16_lr=0$06_embedding_size=50_cnn_channels=1-16-16_cnn_kernels=2-2_cnn_strides=2-2_dropout_prob=0$5_l_w=0$05_l_b=0$08	0.025008517213899056	0.005151288120921235	0.02682679545694115	0.004319488817891374	0.05580568348938955	0.007938707397472001	0.19424920127795528
ConvMF_seed=42_e=10_bs=32_lr=0$05_embedding_size=100_cnn_channels=1-16-16_cnn_kernels=2-2_cnn_strides=2-2_dropout_prob=0$4_l_w=0$03_l_b=0$04	0.02067967615768113	0.004184612752895579	0.022118358452134074	0.003680511182108627	0.047942720219078035	0.0067604817148515855	0.1706070287539936
EASER_neighborhood=1009_l2_norm=3$72	0.0432070280071422	0.008924079132518331	0.04372478395657543	0.007335463258785943	0.09957725359482547	0.01353100845130669	0.3207667731629393
