model	nDCG	MAP	MRR	Precision	Recall	F1	HR
GeneralizedMF_seed=42_e=15_bs=512_lr=0$5_mffactors=256_isedgeweighttrain=True	0.01311261571060606	0.004753549336668358	0.019469091302195488	0.0037060702875399364	0.020173943911963078	0.006131000329727644	0.07284345047923323
NeuMF_seed=42_e=10_bs=256_lr=0$5_mffactors=256_drop=0_batch_eval=256_mftrain=True_mlptrain=True_m=8	0.011987408466030724	0.004899000405814272	0.019004260174795985	0.0035463258785942498	0.018982453471271362	0.00584653392405427	0.06964856230031949
MultiVAE_seed=42_e=10_bs=256_intermediate_dim=800_latent_dim=400_reg_lambda=0$6_lr=0$6_dropout_pkeep=0$5	0.011842595616214074	0.004836564145252905	0.018785141307025795	0.0034824281150159747	0.018763375424717278	0.005748084036467003	0.068370607028754
NGCF_seed=42_e=15_bs=512_lr=0$09_factors=64_l_w=0$4_weight_size=64_node_dropout=_message_dropout=0$4_n_fold=5	0.01271772658312383	0.0046591707650459465	0.017105897816364787	0.004249201277955272	0.022495078581340557	0.006932134880199754	0.08115015974440895
MultiDAE_seed=42_e=5_bs=1024_intermediate_dim=600_latent_dim=200_reg_lambda=0$6_lr=0$7_dropout_pkeep=0$0	0.025061566535197644	0.008959998687435407	0.02871283148810622	0.009137380191693292	0.048974132009275785	0.015096494953196333	0.16421725239616614
ConvNeuMF_seed=42_e=10_bs=16_lr=0$06_embedding_size=50_cnn_channels=1-16-16_cnn_kernels=2-2_cnn_strides=2-2_dropout_prob=0$5_l_w=0$05_l_b=0$08	0.01626093496284581	0.006043122881617823	0.023799575035220292	0.004984025559105431	0.026821616438229858	0.00824971188200014	0.09456869009584665
ConvMF_seed=42_e=10_bs=32_lr=0$05_embedding_size=100_cnn_channels=1-16-16_cnn_kernels=2-2_cnn_strides=2-2_dropout_prob=0$4_l_w=0$03_l_b=0$04	0.011987408466030724	0.004899000405814272	0.019004260174795985	0.0035463258785942498	0.018982453471271362	0.00584653392405427	0.06964856230031949
EASER_neighborhood=1009_l2_norm=3$72	0.028525126712856654	0.01052684482167464	0.03905327895644318	0.009105431309904153	0.04900836295404985	0.015049932895353973	0.16549520766773163
