model	nDCG	MAP	MRR	Precision	Recall	F1	HR
GeneralizedMF_seed=42_e=10_bs=512_lr=0$5_mffactors=256_isedgeweighttrain=True	0.002352426147160344	0.0006782324735449736	0.0019502314814814814	0.0006875000000000002	0.004947916666666666	0.0011684062465312465	0.006875
NeuMF_seed=42_e=10_bs=256_lr=0$5_mffactors=256_drop=0_batch_eval=256_mftrain=True_mlptrain=True_m=8	0.0012887660781206363	0.0004143931878306879	0.0012476851851851852	0.0004166666666666667	0.002585648148148148	0.0006747197429763219	0.004166666666666667
MultiVAE_seed=42_e=10_bs=256_intermediate_dim=800_latent_dim=400_reg_lambda=0$6_lr=0$6_dropout_pkeep=0$5	0.0012887660781206363	0.0004143931878306879	0.0012476851851851852	0.0004166666666666667	0.002585648148148148	0.0006747197429763219	0.004166666666666667
NGCF_seed=42_e=15_bs=512_lr=0$09_factors=64_l_w=0$4_weight_size=64_node_dropout=_message_dropout=0$4_n_fold=5	0.0018434323940420933	0.0005795800264550265	0.0016394675925925925	0.0005833333333333334	0.00356969246031746	0.0009515994966362614	0.005833333333333334
MultiDAE_seed=42_e=5_bs=1024_intermediate_dim=600_latent_dim=200_reg_lambda=0$6_lr=0$7_dropout_pkeep=0$0	0.018674656096915404	0.006451322751322751	0.019170882936507934	0.004645833333333333	0.029056509200902577	0.007580748309544105	0.04541666666666667
ConvNeuMF_seed=42_e=10_bs=16_lr=0$05_embedding_size=50_cnn_channels=1-16-16_cnn_kernels=2-2_cnn_strides=2-2_dropout_prob=0$5_l_w=0$08_l_b=0$07	0.003100016239706684	0.0009827794312169313	0.002549272486772487	0.0010416666666666667	0.006347222222222221	0.0017109782578532578	0.01
ConvMF_seed=42_e=10_bs=32_lr=0$05_embedding_size=100_cnn_channels=1-32-32_cnn_kernels=2-2_cnn_strides=2-2_dropout_prob=0$4_l_w=0$03_l_b=0$04	0.0012887660781206363	0.0004143931878306879	0.0012476851851851852	0.0004166666666666667	0.002585648148148148	0.0006747197429763219	0.004166666666666667
EASER_neighborhood=3784_l2_norm=3$72	0.015194170718246382	0.005534780092592593	0.016135830026455023	0.004625000000000001	0.026390046296296297	0.007494180046318205	0.045
