model	nDCG	MAP	MRR	Precision	Recall	F1	HR
GeneralizedMF_seed=42_e=10_bs=512_lr=0$5_mffactors=256_isedgeweighttrain=True	0.004848654904825727	0.0005337883017143581	0.0025726748539350286	0.0004666666666666667	0.01596015963203463	0.0008963519547217136	0.023125
NeuMF_seed=42_e=10_bs=256_lr=0$5_mffactors=256_drop=0_batch_eval=256_mftrain=True_mlptrain=True_m=8	0.004145900562023233	0.0005441121610573866	0.0022106465456560548	0.00047083333333333336	0.013685244914685703	0.0008940417796872569	0.023541666666666666
MultiVAE_seed=42_e=10_bs=256_intermediate_dim=800_latent_dim=400_reg_lambda=0$6_lr=0$6_dropout_pkeep=0$5	0.00414405095673371	0.000542844578432896	0.0022086180787983137	0.00047083333333333336	0.013685244914685703	0.0008940417796872569	0.023541666666666666
NGCF_seed=42_e=15_bs=512_lr=0$09_factors=64_l_w=0$4_weight_size=64_node_dropout=_message_dropout=0$4_n_fold=5	0.003962081029433546	0.0004860320329331579	0.0022637440088268705	0.00045000000000000004	0.012161416997354497	0.0008521040231377187	0.022291666666666668
MultiDAE_seed=42_e=5_bs=1024_intermediate_dim=600_latent_dim=200_reg_lambda=0$6_lr=0$7_dropout_pkeep=0$0	0.02941747513562819	0.0038155079686945054	0.022340346364874183	0.0024833333333333335	0.07291258591518847	0.004706035015021405	0.11833333333333333
ConvNeuMF_seed=42_e=10_bs=16_lr=0$05_embedding_size=50_cnn_channels=1-16-16_cnn_kernels=2-2_cnn_strides=2-2_dropout_prob=0$5_l_w=0$08_l_b=0$07	0.006474036023107736	0.0007870397874242155	0.0034284033195815635	0.0006916666666666667	0.020854373346560845	0.001316697034903459	0.03375
ConvMF_seed=42_e=10_bs=32_lr=0$05_embedding_size=100_cnn_channels=1-32-32_cnn_kernels=2-2_cnn_strides=2-2_dropout_prob=0$4_l_w=0$03_l_b=0$04	0.004145900562023233	0.0005441121610573866	0.0022106465456560548	0.00047083333333333336	0.013685244914685703	0.0008940417796872569	0.023541666666666666
EASER_neighborhood=3784_l2_norm=3$72	0.028511588060229656	0.003971305355259065	0.020108463812531518	0.003004166666666667	0.07908139426953764	0.005684562571522806	0.138125
