model	nDCG	MAP	MRR	Precision	Recall	F1	HR
GeneralizedMF_seed=42_e=10_bs=512_lr=0$5_mffactors=256_isedgeweighttrain=True	0.0030536496188992832	0.0006485252882347987	0.0022230985415728063	0.00053125	0.007408234126984127	0.0009707909005916253	0.010625
NeuMF_seed=42_e=10_bs=256_lr=0$5_mffactors=256_drop=0_batch_eval=256_mftrain=True_mlptrain=True_m=8	0.0024860922479752827	0.0004993168188468594	0.0017699604728919746	0.0005625000000000001	0.006627156986531987	0.000995724908625414	0.01125
MultiVAE_seed=42_e=10_bs=256_intermediate_dim=800_latent_dim=400_reg_lambda=0$6_lr=0$6_dropout_pkeep=0$5	0.0024860922479752827	0.0004993168188468594	0.0017699604728919746	0.0005625000000000001	0.006627156986531987	0.000995724908625414	0.01125
NGCF_seed=42_e=15_bs=512_lr=0$09_factors=64_l_w=0$4_weight_size=64_node_dropout=_message_dropout=0$4_n_fold=5	0.0025201168820343733	0.0005523045793520348	0.0019059335612644434	0.0004895833333333333	0.0059481646825396825	0.0008760396976882485	0.009791666666666667
MultiDAE_seed=42_e=5_bs=1024_intermediate_dim=600_latent_dim=200_reg_lambda=0$6_lr=0$7_dropout_pkeep=0$0	0.022564225346908263	0.005232665681161231	0.020780305868129977	0.003500000000000001	0.04262112821371238	0.006223747946757444	0.068125
ConvNeuMF_seed=42_e=10_bs=16_lr=0$05_embedding_size=50_cnn_channels=1-16-16_cnn_kernels=2-2_cnn_strides=2-2_dropout_prob=0$5_l_w=0$08_l_b=0$07	0.003968604067043482	0.000914566562232487	0.0028641037352095783	0.0007604166666666667	0.009505456349206349	0.0013671161333299016	0.014791666666666667
ConvMF_seed=42_e=10_bs=32_lr=0$05_embedding_size=100_cnn_channels=1-32-32_cnn_kernels=2-2_cnn_strides=2-2_dropout_prob=0$4_l_w=0$03_l_b=0$04	0.0024860922479752827	0.0004993168188468594	0.0017699604728919746	0.0005625000000000001	0.006627156986531987	0.000995724908625414	0.01125
EASER_neighborhood=3784_l2_norm=3$72	0.020027869493316242	0.004843842543586158	0.01817888089042307	0.00396875	0.04272290154698243	0.006998525631576142	0.07583333333333334
