model	nDCG	MAP	MRR	Precision	Recall	F1	HR
GeneralizedMF_seed=42_e=15_bs=512_lr=0$5_mffactors=256_isedgeweighttrain=True	0.014111385857452046	0.005393932657197481	0.021317800624259194	0.004228534538411879	0.022371832313730317	0.006948097560873808	0.08005164622336991
NeuMF_seed=42_e=10_bs=256_lr=0$5_mffactors=256_drop=0_batch_eval=256_mftrain=True_mlptrain=True_m=8	0.01315237752847007	0.005531618078797223	0.023432429325974943	0.0037766300839251134	0.01840511543545759	0.006116876042622499	0.07230471271788251
MultiVAE_seed=42_e=10_bs=256_intermediate_dim=800_latent_dim=400_reg_lambda=0$6_lr=0$6_dropout_pkeep=0$5	0.012999282458311352	0.005430072763243119	0.022898476042245014	0.0037766300839251134	0.01840511543545759	0.006116876042622499	0.07230471271788251
NGCF_seed=42_e=15_bs=512_lr=0$09_factors=64_l_w=0$4_weight_size=64_node_dropout=_message_dropout=0$4_n_fold=5	0.01234510329338073	0.004932043707761888	0.01839594391115696	0.003970303421562299	0.020238654179906602	0.006461932965773056	0.07553260167850226
MultiDAE_seed=42_e=5_bs=1024_intermediate_dim=600_latent_dim=200_reg_lambda=0$6_lr=0$7_dropout_pkeep=0$0	0.02708348756621332	0.010117060848964682	0.03725160103101429	0.00855390574564235	0.04585428200663835	0.014105806280163849	0.16268560361523562
ConvNeuMF_seed=42_e=10_bs=16_lr=0$06_embedding_size=50_cnn_channels=1-16-16_cnn_kernels=2-2_cnn_strides=2-2_dropout_prob=0$5_l_w=0$05_l_b=0$08	0.014607364486409398	0.005471107658994281	0.022290164115785157	0.004551323434473855	0.023017200502675004	0.0073994555165891865	0.08715300193673338
ConvMF_seed=42_e=10_bs=32_lr=0$05_embedding_size=100_cnn_channels=1-16-16_cnn_kernels=2-2_cnn_strides=2-2_dropout_prob=0$4_l_w=0$03_l_b=0$04	0.01315237752847007	0.005531618078797223	0.023432429325974943	0.0037766300839251134	0.01840511543545759	0.006116876042622499	0.07230471271788251
EASER_neighborhood=1008_l2_norm=3$72	0.026059798874475768	0.009228846418330744	0.03196412454457693	0.008650742414460944	0.04820111564785548	0.014355445411681104	0.1594577146546159
