model	nDCG	MAP	MRR	Precision	Recall	F1	HR
GeneralizedMF_seed=42_e=15_bs=512_lr=0$5_mffactors=256_isedgeweighttrain=True	0.010396251069534462	0.006350077366862389	0.018831657905253776	0.004583602324080052	0.012807289905417728	0.006536217377327292	0.04389928986442866
NeuMF_seed=42_e=10_bs=256_lr=0$5_mffactors=256_drop=0_batch_eval=256_mftrain=True_mlptrain=True_m=8	0.01063869882122824	0.006905684158750653	0.02174034451310113	0.004906391220142027	0.011769497986412124	0.006720098933641277	0.04712717882504842
MultiVAE_seed=42_e=10_bs=256_intermediate_dim=800_latent_dim=400_reg_lambda=0$6_lr=0$6_dropout_pkeep=0$5	0.01042068925245289	0.006725819012778341	0.02115906831852603	0.0048418334409296325	0.011608103538381136	0.006627873534766427	0.046481601032924466
NGCF_seed=42_e=15_bs=512_lr=0$09_factors=64_l_w=0$4_weight_size=64_node_dropout=_message_dropout=0$4_n_fold=5	0.009438423473644975	0.005670991013147244	0.01653370838328876	0.0047772756617172375	0.012603136408817493	0.00670207134639396	0.04712717882504842
MultiDAE_seed=42_e=5_bs=1024_intermediate_dim=600_latent_dim=200_reg_lambda=0$6_lr=0$7_dropout_pkeep=0$0	0.019804992816450845	0.011293999200713209	0.03274283459887075	0.009812782440284055	0.02642951697180232	0.013906462621552951	0.09554551323434474
ConvNeuMF_seed=42_e=10_bs=16_lr=0$06_embedding_size=50_cnn_channels=1-16-16_cnn_kernels=2-2_cnn_strides=2-2_dropout_prob=0$5_l_w=0$05_l_b=0$08	0.010487569263143816	0.006283239570844476	0.01950541568036726	0.0047772756617172375	0.012352846923537691	0.006669262234122815	0.045836023240800515
ConvMF_seed=42_e=10_bs=32_lr=0$05_embedding_size=100_cnn_channels=1-16-16_cnn_kernels=2-2_cnn_strides=2-2_dropout_prob=0$4_l_w=0$03_l_b=0$04	0.01063869882122824	0.006905684158750653	0.02174034451310113	0.004906391220142027	0.011769497986412124	0.006720098933641277	0.04712717882504842
EASER_neighborhood=1008_l2_norm=3$72	0.018431424283070368	0.009480053695676678	0.02748931722463033	0.009683666881859265	0.02789254716304426	0.013910134440407642	0.09296320206584893
