model	nDCG	MAP	MRR	Precision	Recall	F1	HR
GeneralizedMF_seed=42_e=15_bs=512_lr=0$5_mffactors=256_isedgeweighttrain=True	0.021482358910032303	0.004450788779654911	0.023845357119534484	0.0036410587475790837	0.047128483022608254	0.006678824104874167	0.16397675919948354
NeuMF_seed=42_e=10_bs=256_lr=0$5_mffactors=256_drop=0_batch_eval=256_mftrain=True_mlptrain=True_m=8	0.022194281769427816	0.0044836028925729085	0.026500635532048438	0.003912201420271143	0.04875803129515201	0.00716513445001865	0.17688831504196256
MultiVAE_seed=42_e=10_bs=256_intermediate_dim=800_latent_dim=400_reg_lambda=0$6_lr=0$6_dropout_pkeep=0$5	0.02187969944552322	0.0044098831575836266	0.025875191733097394	0.003860555196901227	0.04833840573027144	0.007074710085869303	0.17430600387346676
NGCF_seed=42_e=15_bs=512_lr=0$09_factors=64_l_w=0$4_weight_size=64_node_dropout=_message_dropout=0$4_n_fold=5	0.02119223674875592	0.004313785691833119	0.02148396714058719	0.003925112976113622	0.05008051091007837	0.007185188816546689	0.1788250484183344
MultiDAE_seed=42_e=5_bs=1024_intermediate_dim=600_latent_dim=200_reg_lambda=0$6_lr=0$7_dropout_pkeep=0$0	0.04177741180220973	0.008612832902536732	0.04207139065545334	0.007256294383473209	0.09534115013456525	0.013349861865557203	0.3240800516462234
ConvNeuMF_seed=42_e=10_bs=16_lr=0$06_embedding_size=50_cnn_channels=1-16-16_cnn_kernels=2-2_cnn_strides=2-2_dropout_prob=0$5_l_w=0$05_l_b=0$08	0.02340101370202747	0.004781178818981142	0.0252033733926789	0.004092963202065849	0.05247839457006662	0.007505789239786385	0.1814073595868302
ConvMF_seed=42_e=10_bs=32_lr=0$05_embedding_size=100_cnn_channels=1-16-16_cnn_kernels=2-2_cnn_strides=2-2_dropout_prob=0$4_l_w=0$03_l_b=0$04	0.022194281769427816	0.0044836028925729085	0.026500635532048438	0.003912201420271143	0.04875803129515201	0.00716513445001865	0.17688831504196256
EASER_neighborhood=1008_l2_norm=3$72	0.039972152019369274	0.008304917606897352	0.03640806631643867	0.006972240154938671	0.09517484165644269	0.012859537770482201	0.3001936733376372
