model	nDCG	MAP	MRR	Precision	Recall	F1	HR
GeneralizedMF_seed=42_e=15_bs=512_lr=0$5_mffactors=256_isedgeweighttrain=True	0.021796272367526917	0.004791475292877984	0.025588129902828837	0.0037516170763260024	0.04660622814730188	0.0068401269148982	0.16946959896507116
NeuMF_seed=42_e=10_bs=256_lr=0$5_mffactors=256_drop=0_batch_eval=256_mftrain=True_mlptrain=True_m=8	0.02629927498488819	0.005446016959129183	0.029834030396754436	0.004657179818887452	0.057218799060648994	0.008502362351602028	0.21021992238033635
MultiVAE_seed=42_e=10_bs=256_intermediate_dim=800_latent_dim=400_reg_lambda=0$6_lr=0$6_dropout_pkeep=0$5	0.025914280371642014	0.00534686578859892	0.029432029839872035	0.004566623544631307	0.056422966497352005	0.008342805524290701	0.2056921086675291
NGCF_seed=42_e=15_bs=512_lr=0$09_factors=64_l_w=0$4_weight_size=64_node_dropout=_message_dropout=0$4_n_fold=5	0.020701191559774384	0.004305249466844779	0.018828671991272177	0.003971539456662355	0.051136853659492734	0.00728031477329689	0.18111254851228978
MultiDAE_seed=42_e=5_bs=1024_intermediate_dim=600_latent_dim=200_reg_lambda=0$6_lr=0$7_dropout_pkeep=0$0	0.04527452381302157	0.009681187959244034	0.046849232204092615	0.007671410090556274	0.10064880229013476	0.014099488418553718	0.3253557567917206
ConvNeuMF_seed=42_e=10_bs=16_lr=0$06_embedding_size=50_cnn_channels=1-16-16_cnn_kernels=2-2_cnn_strides=2-2_dropout_prob=0$5_l_w=0$05_l_b=0$08	0.02345938152803846	0.004867007757946028	0.025546750517883677	0.004204398447606727	0.0508789264853301	0.007659189804749636	0.18822768434670117
ConvMF_seed=42_e=10_bs=32_lr=0$05_embedding_size=100_cnn_channels=1-16-16_cnn_kernels=2-2_cnn_strides=2-2_dropout_prob=0$4_l_w=0$03_l_b=0$04	0.02629927498488819	0.005446016959129183	0.029834030396754436	0.004657179818887452	0.057218799060648994	0.008502362351602028	0.21021992238033635
EASER_neighborhood=1017_l2_norm=3$72	0.04405218122946691	0.009307736983741564	0.042668505574384424	0.0076326002587322125	0.10124757555223272	0.014059503130730991	0.31565329883570503
