model	nDCG	MAP	MRR	Precision	Recall	F1	HR
GeneralizedMF_seed=42_e=15_bs=512_lr=0$5_mffactors=256_isedgeweighttrain=True	0.014455390845968016	0.005968562070956295	0.022941166356036043	0.00443078913324709	0.022330377327143172	0.0071720685554215804	0.08344113842173351
NeuMF_seed=42_e=10_bs=256_lr=0$5_mffactors=256_drop=0_batch_eval=256_mftrain=True_mlptrain=True_m=8	0.016232830445401834	0.006384038004036832	0.02622864204525057	0.004818887451487711	0.024328574975405505	0.007855789229774833	0.0944372574385511
MultiVAE_seed=42_e=10_bs=256_intermediate_dim=800_latent_dim=400_reg_lambda=0$6_lr=0$6_dropout_pkeep=0$5	0.01598437439921304	0.006289974580913897	0.025870872118103565	0.004689521345407503	0.023934316366399155	0.007663251184714149	0.09184993531694696
NGCF_seed=42_e=15_bs=512_lr=0$09_factors=64_l_w=0$4_weight_size=64_node_dropout=_message_dropout=0$4_n_fold=5	0.012603404686966715	0.004685033702793756	0.01592985724728382	0.004463130659767141	0.02419097181386961	0.007337938468809809	0.08473479948253558
MultiDAE_seed=42_e=5_bs=1024_intermediate_dim=600_latent_dim=200_reg_lambda=0$6_lr=0$7_dropout_pkeep=0$0	0.030333814811792825	0.011621943974387011	0.042236912084671605	0.009443725743855111	0.0507563273653183	0.015594383253173954	0.17658473479948253
ConvNeuMF_seed=42_e=10_bs=16_lr=0$06_embedding_size=50_cnn_channels=1-16-16_cnn_kernels=2-2_cnn_strides=2-2_dropout_prob=0$5_l_w=0$05_l_b=0$08	0.014941779985112267	0.0056376662384751775	0.022413693687634427	0.004527813712807244	0.02332783107362667	0.007387491076084876	0.08538163001293661
ConvMF_seed=42_e=10_bs=32_lr=0$05_embedding_size=100_cnn_channels=1-16-16_cnn_kernels=2-2_cnn_strides=2-2_dropout_prob=0$4_l_w=0$03_l_b=0$04	0.016232830445401834	0.006384038004036832	0.02622864204525057	0.004818887451487711	0.024328574975405505	0.007855789229774833	0.0944372574385511
EASER_neighborhood=1017_l2_norm=3$72	0.028928395375554423	0.010636910319351324	0.03814139081464827	0.00944372574385511	0.05027081944934468	0.01561851935305856	0.17270375161707632
