model	nDCG	MAP	MRR	Precision	Recall	F1	HR
GeneralizedMF_seed=42_e=15_bs=512_lr=0$5_mffactors=256_isedgeweighttrain=True	0.010991931040745926	0.007158001190989547	0.020677015955153085	0.005239327296248383	0.013235711392244382	0.007196886067556007	0.050452781371280724
NeuMF_seed=42_e=10_bs=256_lr=0$5_mffactors=256_drop=0_batch_eval=256_mftrain=True_mlptrain=True_m=8	0.012305825325077239	0.007643560442719564	0.023344678535493543	0.0054333764553686935	0.014329116334290976	0.007613378936307578	0.052393272962483826
MultiVAE_seed=42_e=10_bs=256_intermediate_dim=800_latent_dim=400_reg_lambda=0$6_lr=0$6_dropout_pkeep=0$5	0.012011333385691015	0.007554441569642087	0.022933992484445265	0.00517464424320828	0.0138439934364902	0.007278413125921326	0.04980595084087969
NGCF_seed=42_e=15_bs=512_lr=0$09_factors=64_l_w=0$4_weight_size=64_node_dropout=_message_dropout=0$4_n_fold=5	0.008606257084111158	0.004582922647282285	0.013488213310334913	0.005045278137128073	0.013372731192912305	0.00702309671601242	0.04980595084087969
MultiDAE_seed=42_e=5_bs=1024_intermediate_dim=600_latent_dim=200_reg_lambda=0$6_lr=0$7_dropout_pkeep=0$0	0.022311565933988385	0.013148242263701513	0.037037721513788785	0.010608020698576972	0.029952745436251253	0.015279816292666793	0.10155239327296249
ConvNeuMF_seed=42_e=10_bs=16_lr=0$06_embedding_size=50_cnn_channels=1-16-16_cnn_kernels=2-2_cnn_strides=2-2_dropout_prob=0$5_l_w=0$05_l_b=0$08	0.01108417973985964	0.006428417421302285	0.019855900531838437	0.005045278137128072	0.013404069338739453	0.007084253262996769	0.04851228978007762
ConvMF_seed=42_e=10_bs=32_lr=0$05_embedding_size=100_cnn_channels=1-16-16_cnn_kernels=2-2_cnn_strides=2-2_dropout_prob=0$4_l_w=0$03_l_b=0$04	0.012305825325077239	0.007643560442719564	0.023344678535493543	0.0054333764553686935	0.014329116334290976	0.007613378936307578	0.052393272962483826
EASER_neighborhood=1017_l2_norm=3$72	0.02078646776747016	0.011651419947021497	0.03326993367420276	0.010478654592496767	0.028778078325296955	0.01497214314066152	0.09831824062095731
