model	nDCG	MAP	MRR	Precision	Recall	F1	HR
GeneralizedMF_seed=42_e=10_bs=512_lr=0$5_mffactors=256_isedgeweighttrain=True	0.004416103291221346	0.0006091240754019099	0.0033181393670399222	0.00041710554034126823	0.01139626120666778	0.00078770879801853	0.020855277017063408
NeuMF_seed=42_e=10_bs=256_lr=0$5_mffactors=256_drop=0_batch_eval=256_mftrain=True_mlptrain=True_m=8	0.005054535640200577	0.0006255098967663123	0.002757119426699627	0.0005350747840741521	0.015853120266433936	0.0010174789248433408	0.026753739203707605
MultiVAE_seed=42_e=10_bs=256_intermediate_dim=800_latent_dim=400_reg_lambda=0$6_lr=0$6_dropout_pkeep=0$5	0.005052900047140423	0.0006242620780502528	0.0027544531623184257	0.0005350747840741521	0.015853120266433936	0.0010174789248433408	0.026753739203707605
NGCF_seed=42_e=15_bs=512_lr=0$09_factors=64_l_w=0$4_weight_size=64_node_dropout=_message_dropout=0$4_n_fold=5	0.00429714483478402	0.0005352411134605002	0.0021421644160149775	0.0004929429113124078	0.014191736226342474	0.0009292998037549686	0.024436486201811672
MultiDAE_seed=42_e=5_bs=1024_intermediate_dim=600_latent_dim=200_reg_lambda=0$6_lr=0$7_dropout_pkeep=0$0	0.024061681153320497	0.003205560096460102	0.016639634005056612	0.002384663998314725	0.0656087647657641	0.004508579743495343	0.11143880345481356
ConvNeuMF_seed=42_e=10_bs=16_lr=0$05_embedding_size=50_cnn_channels=1-16-16_cnn_kernels=2-2_cnn_strides=2-2_dropout_prob=0$5_l_w=0$08_l_b=0$07	0.006138828965504279	0.0008722529045330371	0.004832443177120687	0.0006572572150832104	0.01772321082938315	0.0012384499482988923	0.0326522013903518
ConvMF_seed=42_e=10_bs=32_lr=0$05_embedding_size=100_cnn_channels=1-32-32_cnn_kernels=2-2_cnn_strides=2-2_dropout_prob=0$4_l_w=0$03_l_b=0$04	0.005054535640200577	0.0006255098967663123	0.002757119426699627	0.0005350747840741521	0.015853120266433936	0.0010174789248433408	0.026753739203707605
EASER_neighborhood=3746_l2_norm=3$72	0.02989536963305092	0.004061712301627929	0.02234319346786674	0.0029702970297029703	0.07941680970399653	0.005613306914851353	0.1352433115651991
