model	nDCG	MAP	MRR	Precision	Recall	F1	HR
GeneralizedMF_seed=42_e=15_bs=512_lr=0$5_mffactors=256_isedgeweighttrain=True	0.02052422571003203	0.0045284379075167585	0.02477826922093682	0.0035900783289817234	0.043897783388645	0.0065508401917323735	0.16057441253263707
NeuMF_seed=42_e=10_bs=256_lr=0$5_mffactors=256_drop=0_batch_eval=256_mftrain=True_mlptrain=True_m=8	0.023429381721990293	0.0049750282195424895	0.0265963232514436	0.004412532637075718	0.05250468634933387	0.008049532350163861	0.1912532637075718
MultiVAE_seed=42_e=10_bs=256_intermediate_dim=800_latent_dim=400_reg_lambda=0$6_lr=0$6_dropout_pkeep=0$5	0.023222108275640634	0.004895455435025255	0.026229557321005785	0.0043733681462141	0.05223815023097007	0.007982231789132235	0.18994778067885118
NGCF_seed=42_e=15_bs=512_lr=0$09_factors=64_l_w=0$4_weight_size=64_node_dropout=_message_dropout=0$4_n_fold=5	0.022362584664931403	0.004495136412262773	0.02036515335166465	0.0041644908616188	0.05448205967951398	0.007639059369159526	0.18864229765013055
MultiDAE_seed=42_e=5_bs=1024_intermediate_dim=600_latent_dim=200_reg_lambda=0$6_lr=0$7_dropout_pkeep=0$0	0.03640107490417978	0.007674878505395078	0.03474885459808602	0.006801566579634466	0.08643634976859521	0.012470809612896261	0.29765013054830286
ConvNeuMF_seed=42_e=10_bs=16_lr=0$06_embedding_size=50_cnn_channels=1-16-16_cnn_kernels=2-2_cnn_strides=2-2_dropout_prob=0$5_l_w=0$05_l_b=0$08	0.02223842010962614	0.004788138443550553	0.025732292145016416	0.0040600522193211495	0.048202679428201625	0.007396410210534398	0.18407310704960836
ConvMF_seed=42_e=10_bs=32_lr=0$05_embedding_size=100_cnn_channels=1-16-16_cnn_kernels=2-2_cnn_strides=2-2_dropout_prob=0$4_l_w=0$03_l_b=0$04	0.023429381721990293	0.0049750282195424895	0.0265963232514436	0.004412532637075718	0.05250468634933387	0.008049532350163861	0.1912532637075718
EASER_neighborhood=1021_l2_norm=3$72	0.045345533587282535	0.009487520586551222	0.04717105447356936	0.00762402088772846	0.10179634153198122	0.014039477330721256	0.32702349869451697
