model	nDCG	MAP	MRR	Precision	Recall	F1	HR
GeneralizedMF_seed=42_e=15_bs=512_lr=0$5_mffactors=256_isedgeweighttrain=True	0.010035981429304291	0.006501331385469767	0.020095372787931536	0.004830287206266319	0.011746238965560114	0.00663216892095753	0.048302872062663184
NeuMF_seed=42_e=10_bs=256_lr=0$5_mffactors=256_drop=0_batch_eval=256_mftrain=True_mlptrain=True_m=8	0.009944244987987514	0.00666500891043972	0.020633107464047413	0.004765013054830287	0.011248095174335383	0.006485365821306988	0.04569190600522193
MultiVAE_seed=42_e=10_bs=256_intermediate_dim=800_latent_dim=400_reg_lambda=0$6_lr=0$6_dropout_pkeep=0$5	0.009891870315023761	0.006581603050271457	0.02039273281114012	0.004765013054830287	0.011248095174335383	0.006485365821306988	0.04569190600522193
NGCF_seed=42_e=15_bs=512_lr=0$09_factors=64_l_w=0$4_weight_size=64_node_dropout=_message_dropout=0$4_n_fold=5	0.009103927581102287	0.0047951375937668374	0.014523498694516971	0.004765013054830287	0.01261961040844853	0.006675038252166836	0.04634464751958225
MultiDAE_seed=42_e=5_bs=1024_intermediate_dim=600_latent_dim=200_reg_lambda=0$6_lr=0$7_dropout_pkeep=0$0	0.016654399942151205	0.008679648970118943	0.026441211819801896	0.009399477806788513	0.024840181938745903	0.013297764895819604	0.0933420365535248
ConvNeuMF_seed=42_e=10_bs=16_lr=0$06_embedding_size=50_cnn_channels=1-16-16_cnn_kernels=2-2_cnn_strides=2-2_dropout_prob=0$5_l_w=0$05_l_b=0$08	0.009880384073212851	0.0064297111359774535	0.019991763023747357	0.0045039164490861625	0.010744810744810743	0.006133621405468609	0.043733681462140996
ConvMF_seed=42_e=10_bs=32_lr=0$05_embedding_size=100_cnn_channels=1-16-16_cnn_kernels=2-2_cnn_strides=2-2_dropout_prob=0$4_l_w=0$03_l_b=0$04	0.009944244987987514	0.00666500891043972	0.020633107464047413	0.004765013054830287	0.011248095174335383	0.006485365821306988	0.04569190600522193
EASER_neighborhood=1021_l2_norm=3$72	0.022528009212131012	0.012812435243897385	0.037859266857308636	0.010835509138381202	0.03054444105357943	0.015634941164409513	0.10574412532637076
