model	nDCG	MAP	MRR	Precision	Recall	F1	HR
GeneralizedMF_seed=42_e=15_bs=512_lr=0$5_mffactors=256_isedgeweighttrain=True	0.013454220528761478	0.0054897101429677376	0.02233478641131884	0.004242819843342037	0.020483351504891976	0.006875835861307225	0.08159268929503917
NeuMF_seed=42_e=10_bs=256_lr=0$5_mffactors=256_drop=0_batch_eval=256_mftrain=True_mlptrain=True_m=8	0.013479025483289936	0.005571811018988216	0.023139876688956586	0.004340731070496083	0.020204382214826077	0.0069863492888827495	0.08289817232375979
MultiVAE_seed=42_e=10_bs=256_intermediate_dim=800_latent_dim=400_reg_lambda=0$6_lr=0$6_dropout_pkeep=0$5	0.013298456332067372	0.0054954518188145085	0.022794329906989458	0.004242819843342037	0.01996607975720247	0.006847964753271239	0.08159268929503917
NGCF_seed=42_e=15_bs=512_lr=0$09_factors=64_l_w=0$4_weight_size=64_node_dropout=_message_dropout=0$4_n_fold=5	0.013152745933872171	0.004698871411357972	0.01727703249912123	0.004536553524804178	0.0232857175823886	0.007393313109539632	0.08746736292428199
MultiDAE_seed=42_e=5_bs=1024_intermediate_dim=600_latent_dim=200_reg_lambda=0$6_lr=0$7_dropout_pkeep=0$0	0.022100726527230642	0.008515244541949601	0.030103572408118763	0.007473890339425587	0.038861691325790544	0.012305092652574756	0.1462140992167102
ConvNeuMF_seed=42_e=10_bs=16_lr=0$06_embedding_size=50_cnn_channels=1-16-16_cnn_kernels=2-2_cnn_strides=2-2_dropout_prob=0$5_l_w=0$05_l_b=0$08	0.013298432993687742	0.005359478760715484	0.022334784454153295	0.004210182767624021	0.019278110923019537	0.006750347197462904	0.07898172323759792
ConvMF_seed=42_e=10_bs=32_lr=0$05_embedding_size=100_cnn_channels=1-16-16_cnn_kernels=2-2_cnn_strides=2-2_dropout_prob=0$4_l_w=0$03_l_b=0$04	0.013479025483289936	0.005571811018988216	0.023139876688956586	0.004340731070496083	0.020204382214826077	0.0069863492888827495	0.08289817232375979
EASER_neighborhood=1021_l2_norm=3$72	0.030029636387263633	0.011395199022065549	0.042508479493738247	0.009203655352480418	0.05020629664069611	0.015252468650978852	0.17297650130548303
