model	nDCG	MAP	MRR	Precision	Recall	F1	HR
GeneralizedMF_seed=42_e=10_bs=512_lr=0$5_mffactors=256_isedgeweighttrain=True	0.004544011499678621	0.0006251921689844712	0.00289219669206603	0.0005041666666666668	0.013483479857560739	0.0009478970607941983	0.024791666666666667
NeuMF_seed=42_e=10_bs=256_lr=0$5_mffactors=256_drop=0_batch_eval=256_mftrain=True_mlptrain=True_m=8	0.005070883371941564	0.0006188892352731595	0.0027486866800498578	0.0005625000000000001	0.016582423941798943	0.0010680202349009568	0.028125
MultiVAE_seed=42_e=10_bs=256_intermediate_dim=800_latent_dim=400_reg_lambda=0$6_lr=0$6_dropout_pkeep=0$5	0.005068655497054206	0.0006169787286122737	0.002744265095338084	0.0005625000000000001	0.016582423941798943	0.0010680202349009568	0.028125
NGCF_seed=42_e=15_bs=512_lr=0$09_factors=64_l_w=0$4_weight_size=64_node_dropout=_message_dropout=0$4_n_fold=5	0.004456814378890363	0.0005159415961168548	0.0027629445550849258	0.00042500000000000003	0.013723958333333333	0.0008120310460795751	0.021041666666666667
MultiDAE_seed=42_e=5_bs=1024_intermediate_dim=600_latent_dim=200_reg_lambda=0$6_lr=0$7_dropout_pkeep=0$0	0.024189064042221833	0.0028613611699019265	0.016187509197611825	0.002270833333333333	0.06621472573139077	0.004311701069500864	0.10645833333333334
ConvNeuMF_seed=42_e=10_bs=16_lr=0$05_embedding_size=50_cnn_channels=1-16-16_cnn_kernels=2-2_cnn_strides=2-2_dropout_prob=0$5_l_w=0$08_l_b=0$07	0.006657032231201	0.0007677061587657498	0.00385517426710415	0.0007458333333333334	0.021797760666907338	0.0014137132159647374	0.036875
ConvMF_seed=42_e=10_bs=32_lr=0$05_embedding_size=100_cnn_channels=1-32-32_cnn_kernels=2-2_cnn_strides=2-2_dropout_prob=0$4_l_w=0$03_l_b=0$04	0.005070883371941564	0.0006188892352731595	0.0027486866800498578	0.0005625000000000001	0.016582423941798943	0.0010680202349009568	0.028125
EASER_neighborhood=3809_l2_norm=3$72	0.02836960689629387	0.0038266979710367397	0.018649660450409503	0.002958333333333334	0.08177561777264274	0.005597969427663332	0.13625
