model	nDCG	MAP	MRR	Precision	Recall	F1	HR
GeneralizedMF_seed=42_e=10_bs=512_lr=0$5_mffactors=256_isedgeweighttrain=True	0.003165469050131422	0.0007199131597121631	0.002517679028273069	0.0006354166666666667	0.007677662037037037	0.0011240437048758989	0.012708333333333334
NeuMF_seed=42_e=10_bs=256_lr=0$5_mffactors=256_drop=0_batch_eval=256_mftrain=True_mlptrain=True_m=8	0.0025747780407736134	0.0005391878385650154	0.002082608563428029	0.0005104166666666667	0.006086392195767195	0.0008991465538598222	0.010208333333333333
MultiVAE_seed=42_e=10_bs=256_intermediate_dim=800_latent_dim=400_reg_lambda=0$6_lr=0$6_dropout_pkeep=0$5	0.002574009935537689	0.000537589827201379	0.002080264349227197	0.0005104166666666667	0.006086392195767195	0.0008991465538598222	0.010208333333333333
NGCF_seed=42_e=15_bs=512_lr=0$09_factors=64_l_w=0$4_weight_size=64_node_dropout=_message_dropout=0$4_n_fold=5	0.0028096640465986784	0.0006332265647256939	0.00243160307614642	0.0004895833333333333	0.005936011904761904	0.0008789098347975158	0.009791666666666667
MultiDAE_seed=42_e=5_bs=1024_intermediate_dim=600_latent_dim=200_reg_lambda=0$6_lr=0$7_dropout_pkeep=0$0	0.01657422713301312	0.003490175296517208	0.014542190223812706	0.0026979166666666666	0.03225420679430935	0.004787202064980288	0.05229166666666667
ConvNeuMF_seed=42_e=10_bs=16_lr=0$05_embedding_size=50_cnn_channels=1-16-16_cnn_kernels=2-2_cnn_strides=2-2_dropout_prob=0$5_l_w=0$08_l_b=0$07	0.003793049393600391	0.0008014022917370441	0.003196352045858625	0.00075	0.008853174603174602	0.0013381846012280795	0.015
ConvMF_seed=42_e=10_bs=32_lr=0$05_embedding_size=100_cnn_channels=1-32-32_cnn_kernels=2-2_cnn_strides=2-2_dropout_prob=0$4_l_w=0$03_l_b=0$04	0.0025747780407736134	0.0005391878385650154	0.002082608563428029	0.0005104166666666667	0.006086392195767195	0.0008991465538598222	0.010208333333333333
EASER_neighborhood=3809_l2_norm=3$72	0.019634345811660358	0.004571798905563176	0.016715571016315985	0.0038854166666666672	0.043257983518674305	0.0068513371493981534	0.07333333333333333
