model	nDCG	MAP	MRR	Precision	Recall	F1	HR
GeneralizedMF_seed=42_e=10_bs=512_lr=0$5_mffactors=256_isedgeweighttrain=True	0.002204070193264451	0.0007206183862433863	0.0021198743386243385	0.0007291666666666668	0.0043433366402116395	0.0011559044623963355	0.007291666666666667
NeuMF_seed=42_e=10_bs=256_lr=0$5_mffactors=256_drop=0_batch_eval=256_mftrain=True_mlptrain=True_m=8	0.0015640541590277908	0.0004990492724867724	0.0016078042328042327	0.0004166666666666667	0.0027606646825396827	0.0006725271800639448	0.004166666666666667
MultiVAE_seed=42_e=10_bs=256_intermediate_dim=800_latent_dim=400_reg_lambda=0$6_lr=0$6_dropout_pkeep=0$5	0.0015640541590277908	0.0004990492724867724	0.0016078042328042327	0.0004166666666666667	0.0027606646825396827	0.0006725271800639448	0.004166666666666667
NGCF_seed=42_e=15_bs=512_lr=0$09_factors=64_l_w=0$4_weight_size=64_node_dropout=_message_dropout=0$4_n_fold=5	0.0022351458521055064	0.0007560598544973545	0.0021749338624338626	0.0005833333333333334	0.004012400793650793	0.0009776035851403497	0.005833333333333334
MultiDAE_seed=42_e=5_bs=1024_intermediate_dim=600_latent_dim=200_reg_lambda=0$6_lr=0$7_dropout_pkeep=0$0	0.012920662809857791	0.004216253306878307	0.01304761904761905	0.0029999999999999996	0.019680404460735344	0.004917517931198131	0.029791666666666668
ConvNeuMF_seed=42_e=10_bs=16_lr=0$05_embedding_size=50_cnn_channels=1-16-16_cnn_kernels=2-2_cnn_strides=2-2_dropout_prob=0$5_l_w=0$08_l_b=0$07	0.0025499891995952855	0.0008624173280423279	0.0026641038359788358	0.0007083333333333334	0.004578373015873016	0.0011840100259217909	0.007083333333333333
ConvMF_seed=42_e=10_bs=32_lr=0$05_embedding_size=100_cnn_channels=1-32-32_cnn_kernels=2-2_cnn_strides=2-2_dropout_prob=0$4_l_w=0$03_l_b=0$04	0.0015640541590277908	0.0004990492724867724	0.0016078042328042327	0.0004166666666666667	0.0027606646825396827	0.0006725271800639448	0.004166666666666667
EASER_neighborhood=3809_l2_norm=3$72	0.014358102685301551	0.005066898148148148	0.014638475529100529	0.004375	0.024964438339438337	0.007037314547431152	0.0425
