model	nDCG	MAP	MRR	Precision	Recall	F1	HR
GeneralizedMF_seed=42_e=10_bs=512_lr=0$5_mffactors=256_isedgeweighttrain=True	0.004585334657378055	0.0005919621758157513	0.002477668041205597	0.0004883182487897286	0.014714099133168802	0.0009253699817639846	0.023994948431909073
NeuMF_seed=42_e=10_bs=256_lr=0$5_mffactors=256_drop=0_batch_eval=256_mftrain=True_mlptrain=True_m=8	0.004521723008336761	0.0005906537827119759	0.002216873579918514	0.0005472532098505577	0.01534488979763659	0.0010329513731483688	0.02673121448116186
MultiVAE_seed=42_e=10_bs=256_intermediate_dim=800_latent_dim=400_reg_lambda=0$6_lr=0$6_dropout_pkeep=0$5	0.004513196950902855	0.0005889836620245865	0.0022136050938825536	0.0005430435697747843	0.01532985536879454	0.0010263738105299727	0.02673121448116186
NGCF_seed=42_e=15_bs=512_lr=0$09_factors=64_l_w=0$4_weight_size=64_node_dropout=_message_dropout=0$4_n_fold=5	0.004622738394438922	0.0005014554150882531	0.002710127843044387	0.00044622184803199327	0.01408790232195831	0.0008503379089193021	0.02210061039781099
MultiDAE_seed=42_e=5_bs=1024_intermediate_dim=600_latent_dim=200_reg_lambda=0$6_lr=0$7_dropout_pkeep=0$0	0.029141913659135755	0.003867514903651698	0.017799142836733485	0.003043569774784256	0.08835769592941131	0.005781425172495752	0.14270679856872237
ConvNeuMF_seed=42_e=10_bs=16_lr=0$05_embedding_size=50_cnn_channels=1-16-16_cnn_kernels=2-2_cnn_strides=2-2_dropout_prob=0$5_l_w=0$08_l_b=0$07	0.006228531373284799	0.0008790131325831296	0.005256101666004357	0.0006314460113660282	0.017240883165022973	0.0011891290819231039	0.031361818564512735
ConvMF_seed=42_e=10_bs=32_lr=0$05_embedding_size=100_cnn_channels=1-32-32_cnn_kernels=2-2_cnn_strides=2-2_dropout_prob=0$4_l_w=0$03_l_b=0$04	0.004521723008336761	0.0005906537827119759	0.002216873579918514	0.0005472532098505577	0.01534488979763659	0.0010329513731483688	0.02673121448116186
EASER_neighborhood=3740_l2_norm=3$72	0.02844785239980726	0.004013931941055552	0.019898740228482193	0.0029004420122079565	0.07712291767703924	0.005474709411784159	0.13113028836034518
