model	nDCG	MAP	MRR	Precision	Recall	F1	HR
GeneralizedMF_seed=42_e=15_bs=512_lr=0$07_mffactors=256_isedgeweighttrain=True	0.009252529408028854	0.0012987712507544018	0.005854299149971989	0.0010496515679442508	0.026783726702062936	0.00200156213009153	0.05117595818815331
NeuMF_seed=42_e=10_bs=256_lr=0$08_mffactors=256_drop=0$3_batch_eval=256_mftrain=True_mlptrain=True_m=8	0.0035783795280194246	0.0005108333670189569	0.0021074193125294764	0.0004921602787456447	0.011235872131398712	0.0009222572273466525	0.024390243902439025
MultiVAE_seed=42_e=10_bs=256_intermediate_dim=800_latent_dim=400_reg_lambda=0$6_lr=0$09_dropout_pkeep=0$5	0.008278222368320189	0.0012628974820658142	0.006417502969274438	0.0008101045296167249	0.02073188800649602	0.0015420814662208608	0.03985191637630662
MultiDAE_seed=42_e=5_bs=1024_intermediate_dim=600_latent_dim=200_reg_lambda=0$6_lr=0$08_dropout_pkeep=0$0	0.008617814951770681	0.0014264279916513468	0.009030928750012119	0.0008754355400696863	0.01953507026187775	0.0016432590817041627	0.042465156794425085
ConvNeuMF_seed=42_e=10_bs=16_lr=0$06_embedding_size=50_cnn_channels=1-16-16_cnn_kernels=2-2_cnn_strides=2-2_dropout_prob=0$5_l_w=0$07_l_b=0$06	0.005857444889498713	0.0008484844174460227	0.005249197665087287	0.0006358885017421602	0.014030701078828254	0.001189347624074017	0.030705574912891987
ConvMF_seed=42_e=10_bs=32_lr=0$07_embedding_size=100_cnn_channels=1-16-16_cnn_kernels=2-2_cnn_strides=2-2_dropout_prob=0$4_l_w=0$05_l_b=0$03	0.0035783795280194246	0.0005108333670189569	0.0021074193125294764	0.0004921602787456447	0.011235872131398712	0.0009222572273466525	0.024390243902439025
NGCF_seed=42_e=15_bs=512_lr=0$09_factors=64_l_w=0$4_weight_size=64_node_dropout=_message_dropout=0$4_n_fold=5	0.004211327158002542	0.0006024243607899451	0.0027389706228654466	0.0005400696864111499	0.012150980066346448	0.0010028188987484398	0.02504355400696864
EASER_neighborhood=3601_l2_norm=3$72	0.07237990323712662	0.01139532379908269	0.08049918999302223	0.0053484320557491295	0.12835320580584078	0.01011555498641453	0.23279616724738675
