model	nDCG	MAP	MRR	Precision	Recall	F1	HR
GeneralizedMF_seed=42_e=10_bs=512_lr=0$5_mffactors=256_isedgeweighttrain=True	0.0056086676784111306	0.0007915506063925894	0.0037528082963373295	0.0005414480587618048	0.015903503631730282	0.001030832998460617	0.026442812172088142
NeuMF_seed=42_e=10_bs=256_lr=0$5_mffactors=256_drop=0_batch_eval=256_mftrain=True_mlptrain=True_m=8	0.006150521821006547	0.0008028988741235717	0.0035665346180820943	0.0006505771248688353	0.01947375269423291	0.0012361315373733974	0.03189926547743967
MultiVAE_seed=42_e=10_bs=256_intermediate_dim=800_latent_dim=400_reg_lambda=0$6_lr=0$6_dropout_pkeep=0$5	0.006142451503050106	0.0008018179208741487	0.0035606696315380677	0.0006463798530954879	0.019457609341258498	0.001229469201225227	0.0316894018887723
NGCF_seed=42_e=15_bs=512_lr=0$09_factors=64_l_w=0$4_weight_size=64_node_dropout=_message_dropout=0$4_n_fold=5	0.004265362618466198	0.00047290684432219694	0.002408279447059441	0.000478488982161595	0.014317568957251692	0.0009052689524428729	0.02371458551941238
MultiDAE_seed=42_e=5_bs=1024_intermediate_dim=600_latent_dim=200_reg_lambda=0$6_lr=0$7_dropout_pkeep=0$0	0.024414975552161888	0.003229673477082023	0.014873442877995097	0.00257292759706191	0.07332720054465626	0.0048828538000001455	0.11878279118572928
ConvNeuMF_seed=42_e=10_bs=16_lr=0$05_embedding_size=50_cnn_channels=1-16-16_cnn_kernels=2-2_cnn_strides=2-2_dropout_prob=0$5_l_w=0$08_l_b=0$07	0.005259307591970959	0.0006666672851886392	0.003152338055699863	0.0005246589716684155	0.015746784951772296	0.0009939478958787679	0.025603357817418678
ConvMF_seed=42_e=10_bs=32_lr=0$05_embedding_size=100_cnn_channels=1-32-32_cnn_kernels=2-2_cnn_strides=2-2_dropout_prob=0$4_l_w=0$03_l_b=0$04	0.006150521821006547	0.0008028988741235717	0.0035665346180820943	0.0006505771248688353	0.01947375269423291	0.0012361315373733974	0.03189926547743967
EASER_neighborhood=3751_l2_norm=3$72	0.02899912541417191	0.00401078110277309	0.020429318222413024	0.0030807974816369358	0.08273018426203414	0.005822842555118076	0.14060860440713535
