model	nDCG	MAP	MRR	Precision	Recall	F1	HR
GeneralizedMF_seed=42_e=15_bs=512_lr=0$07_mffactors=256_isedgeweighttrain=True	0.008887659221825921	0.00125525949742771	0.006582092238727199	0.0009894600989460098	0.02426500360620775	0.0018718406827545736	0.04882770488277049
NeuMF_seed=42_e=10_bs=256_lr=0$08_mffactors=256_drop=0$3_batch_eval=256_mftrain=True_mlptrain=True_m=8	0.0028883614150831192	0.00037057632565398057	0.0014644711065521247	0.0004215960421596042	0.009228303065687449	0.0007912045978811482	0.02107980210798021
MultiVAE_seed=42_e=10_bs=256_intermediate_dim=800_latent_dim=400_reg_lambda=0$6_lr=0$09_dropout_pkeep=0$5	0.005934349582477526	0.0008049435191259071	0.004135193596738438	0.0006582060658206066	0.016432838957844337	0.0012499804582773119	0.032265003226500326
MultiDAE_seed=42_e=5_bs=1024_intermediate_dim=600_latent_dim=200_reg_lambda=0$6_lr=0$08_dropout_pkeep=0$0	0.009826070146875062	0.001479063593811584	0.007262461761225475	0.0011529361152936117	0.02755984569778415	0.0021737113224032083	0.055710905571090555
ConvNeuMF_seed=42_e=10_bs=16_lr=0$06_embedding_size=50_cnn_channels=1-16-16_cnn_kernels=2-2_cnn_strides=2-2_dropout_prob=0$5_l_w=0$07_l_b=0$06	0.004670691060325658	0.0006317259334796518	0.0028921958877488716	0.0005592600559260056	0.014061481049005245	0.0010642656389468097	0.027532802753280277
ConvMF_seed=42_e=10_bs=32_lr=0$07_embedding_size=100_cnn_channels=1-16-16_cnn_kernels=2-2_cnn_strides=2-2_dropout_prob=0$4_l_w=0$05_l_b=0$03	0.0028883614150831192	0.00037057632565398057	0.0014644711065521247	0.0004215960421596042	0.009228303065687449	0.0007912045978811482	0.02107980210798021
NGCF_seed=42_e=15_bs=512_lr=0$09_factors=64_l_w=0$4_weight_size=64_node_dropout=_message_dropout=0$4_n_fold=5	0.004326152954849331	0.0006035835098567092	0.0030185033569947346	0.0005334480533448054	0.01253728167580609	0.0010058757021795548	0.02624220262422026
EASER_neighborhood=3701_l2_norm=3$72	0.07521854785717971	0.011714133996540116	0.08510440425125669	0.005424822542482254	0.12952536538409332	0.01027134793439079	0.23574962357496235
