model	nDCG	MAP	MRR	Precision	Recall	F1	HR
NeuMF_seed=42_e=10_bs=256_lr=0$08_mffactors=256_drop=0$3_batch_eval=256_mftrain=True_mlptrain=True_m=8	0.0008997926439053441	0.0002507110250711025	0.0007829811497266864	0.00034416003441600345	0.0017518701751870174	0.0005485215482272009	0.0034416003441600346
