model	nDCG	MAP	MRR	Precision	Recall	F1	HR
NeuMF_seed=42_e=10_bs=256_lr=0$08_mffactors=256_drop=0$3_batch_eval=256_mftrain=True_mlptrain=True_m=8	0.001593134017313604	0.0003072124104257084	0.0010830973504793303	0.00040869004086900406	0.004082973979725969	0.0007192773896290282	0.008173800817380082
