model	nDCG	MAP	MRR	Precision	Recall	F1	HR
NeuMF_seed=42_e=10_bs=256_lr=0$08_mffactors=256_drop=0$3_batch_eval=256_mftrain=True_mlptrain=True_m=8	0.0028883614150831192	0.00037057632565398057	0.0014644711065521247	0.0004215960421596042	0.009228303065687449	0.0007912045978811482	0.02107980210798021
