model	nDCG	MAP	MRR	Precision	Recall	F1	HR
NGCF_seed=42_e=30_bs=256_lr=0$0008456760072502752_factors=64_l_w=0$033442468825162476_weight_size=64_node_dropout=0$1-0$2-0$3-0$45-0$5_message_dropout=0$1-0$2-0$3-0$45-0$5_n_fold=5	0.026560663906465488	0.01483948023653906	0.04274068886813985	0.013594771241830067	0.03713892679578954	0.019447661337743657	0.12679738562091503
