model	nDCG	MAP	MRR	Precision	Recall	F1	HR
GeneralizedMF_seed=42_e=15_bs=512_lr=0$5_mffactors=256_isedgeweighttrain=True	0.010082786455131741	0.006383400329828901	0.019482580911152337	0.004675324675324676	0.011861729540300969	0.00647014079385114	0.045454545454545456
NeuMF_seed=42_e=10_bs=256_lr=0$5_mffactors=256_drop=0_batch_eval=256_mftrain=True_mlptrain=True_m=8	0.009972330904933269	0.006141439909297053	0.019714491857349	0.004675324675324675	0.011631880024737168	0.006472687082885707	0.046753246753246755
MultiVAE_seed=42_e=10_bs=256_intermediate_dim=800_latent_dim=400_reg_lambda=0$6_lr=0$6_dropout_pkeep=0$5	0.009801630146664424	0.006065321583178726	0.01944392908678623	0.004545454545454546	0.011376777983920842	0.0063035285103657905	0.045454545454545456
NGCF_seed=42_e=15_bs=512_lr=0$09_factors=64_l_w=0$4_weight_size=64_node_dropout=_message_dropout=0$4_n_fold=5	0.00896451378840133	0.005015151515151515	0.014411719233147803	0.0049350649350649355	0.012519325912183056	0.006878012277171941	0.047402597402597405
MultiDAE_seed=42_e=5_bs=1024_intermediate_dim=600_latent_dim=200_reg_lambda=0$6_lr=0$7_dropout_pkeep=0$0	0.01758708458683199	0.009853097299525871	0.028046794475365903	0.009935064935064936	0.02570964749536178	0.014020309141936742	0.09610389610389611
ConvNeuMF_seed=42_e=10_bs=16_lr=0$06_embedding_size=50_cnn_channels=1-16-16_cnn_kernels=2-2_cnn_strides=2-2_dropout_prob=0$5_l_w=0$05_l_b=0$08	0.010389677273664735	0.005969001236858381	0.01678854875283447	0.005454545454545453	0.014660042338613767	0.007729140754038355	0.0512987012987013
ConvMF_seed=42_e=10_bs=32_lr=0$05_embedding_size=100_cnn_channels=1-16-16_cnn_kernels=2-2_cnn_strides=2-2_dropout_prob=0$4_l_w=0$03_l_b=0$04	0.009972330904933269	0.006141439909297053	0.019714491857349	0.004675324675324675	0.011631880024737168	0.006472687082885707	0.046753246753246755
EASER_neighborhood=1011_l2_norm=3$72	0.019688062338036265	0.011171871779014637	0.03243583797155226	0.009675324675324677	0.02718977811510279	0.013905669678004927	0.09350649350649351
