model	nDCG	MAP	MRR	Precision	Recall	F1	HR
GeneralizedMF_seed=42_e=15_bs=512_lr=0$5_mffactors=256_isedgeweighttrain=True	0.01425078782970472	0.005461641247575418	0.022224395806102415	0.004480519480519481	0.02280323212141394	0.007316760796067986	0.08636363636363636
NeuMF_seed=42_e=10_bs=256_lr=0$5_mffactors=256_drop=0_batch_eval=256_mftrain=True_mlptrain=True_m=8	0.013453966626587141	0.005252344696870952	0.021890638760160494	0.004090909090909091	0.02077123273551845	0.006693342860358379	0.07857142857142857
MultiVAE_seed=42_e=10_bs=256_intermediate_dim=800_latent_dim=400_reg_lambda=0$6_lr=0$6_dropout_pkeep=0$5	0.013295462585309848	0.0052014226334682395	0.021662382168267533	0.004025974025974026	0.02050066996495568	0.006589280256295775	0.07727272727272727
NGCF_seed=42_e=15_bs=512_lr=0$09_factors=64_l_w=0$4_weight_size=64_node_dropout=_message_dropout=0$4_n_fold=5	0.012601425835794435	0.004802099166642711	0.01688335173073925	0.004415584415584416	0.021831862221472615	0.007208162661980161	0.08441558441558442
MultiDAE_seed=42_e=5_bs=1024_intermediate_dim=600_latent_dim=200_reg_lambda=0$6_lr=0$7_dropout_pkeep=0$0	0.02468588617725633	0.009457499317161423	0.03228056781595542	0.008506493506493507	0.044440836940836934	0.014022112233652568	0.15844155844155844
ConvNeuMF_seed=42_e=10_bs=16_lr=0$06_embedding_size=50_cnn_channels=1-16-16_cnn_kernels=2-2_cnn_strides=2-2_dropout_prob=0$5_l_w=0$05_l_b=0$08	0.012984501226627553	0.005249564945985978	0.018581339474146356	0.004188311688311688	0.02125790875790876	0.006837437115092932	0.07922077922077922
ConvMF_seed=42_e=10_bs=32_lr=0$05_embedding_size=100_cnn_channels=1-16-16_cnn_kernels=2-2_cnn_strides=2-2_dropout_prob=0$4_l_w=0$03_l_b=0$04	0.013453966626587141	0.005252344696870952	0.021890638760160494	0.004090909090909091	0.02077123273551845	0.006693342860358379	0.07857142857142857
EASER_neighborhood=1011_l2_norm=3$72	0.02641603727725449	0.010015754753708847	0.0365979567120454	0.008344155844155845	0.04464984510439056	0.013783677473485273	0.1551948051948052
