model	nDCG	MAP	MRR	Precision	Recall	F1	HR
GeneralizedMF_seed=42_e=15_bs=512_lr=0$5_mffactors=256_isedgeweighttrain=True	0.022344182282166763	0.004660869057207767	0.025059647649706727	0.003935064935064935	0.0498313825424215	0.007212624966821038	0.17987012987012987
NeuMF_seed=42_e=10_bs=256_lr=0$5_mffactors=256_drop=0_batch_eval=256_mftrain=True_mlptrain=True_m=8	0.022280794509987035	0.0045313912851186865	0.025074270580304814	0.004012987012987013	0.04995199965979187	0.007347147939958392	0.18441558441558442
MultiVAE_seed=42_e=10_bs=256_intermediate_dim=800_latent_dim=400_reg_lambda=0$6_lr=0$6_dropout_pkeep=0$5	0.022093958917438306	0.0044646931517163535	0.02482518625851958	0.003987012987012988	0.049627324335116546	0.0072990478918583445	0.18311688311688312
NGCF_seed=42_e=15_bs=512_lr=0$09_factors=64_l_w=0$4_weight_size=64_node_dropout=_message_dropout=0$4_n_fold=5	0.02230317088445395	0.004545746768237392	0.02028962053897117	0.00425974025974026	0.05470179351672858	0.007819544848534029	0.19545454545454546
MultiDAE_seed=42_e=5_bs=1024_intermediate_dim=600_latent_dim=200_reg_lambda=0$6_lr=0$7_dropout_pkeep=0$0	0.038863994258900164	0.00828806591007574	0.03675570461659659	0.007103896103896104	0.09218228921150998	0.013063233337160444	0.3077922077922078
ConvNeuMF_seed=42_e=10_bs=16_lr=0$06_embedding_size=50_cnn_channels=1-16-16_cnn_kernels=2-2_cnn_strides=2-2_dropout_prob=0$5_l_w=0$05_l_b=0$08	0.02155481250265892	0.004489687470882733	0.021582013201013935	0.003922077922077922	0.0501410728521118	0.007188304718253859	0.17987012987012987
ConvMF_seed=42_e=10_bs=32_lr=0$05_embedding_size=100_cnn_channels=1-16-16_cnn_kernels=2-2_cnn_strides=2-2_dropout_prob=0$4_l_w=0$03_l_b=0$04	0.022280794509987035	0.0045313912851186865	0.025074270580304814	0.004012987012987013	0.04995199965979187	0.007347147939958392	0.18441558441558442
EASER_neighborhood=1011_l2_norm=3$72	0.04187235418079523	0.008722413656941774	0.041472901091239404	0.007389610389610389	0.096259595382972	0.01357326872711206	0.3155844155844156
