model	nDCG	MAP	MRR	Precision	Recall	F1	HR
GeneralizedMF_seed=42_e=15_bs=512_lr=0$5_mffactors=256_isedgeweighttrain=True	0.013877888950080188	0.0052030076087070136	0.020789795938828775	0.004326610279765778	0.022627074725318056	0.00715168320819847	0.08392973324658426
NeuMF_seed=42_e=10_bs=256_lr=0$5_mffactors=256_drop=0_batch_eval=256_mftrain=True_mlptrain=True_m=8	0.015823016593162723	0.005890967037746882	0.024220618113872435	0.004749512036434613	0.025226495834823746	0.007815254710023112	0.09173715029277814
MultiVAE_seed=42_e=10_bs=256_intermediate_dim=800_latent_dim=400_reg_lambda=0$6_lr=0$6_dropout_pkeep=0$5	0.015680885454051642	0.005791737708802535	0.023743701765047275	0.004716981132075472	0.02511805948695994	0.007765207164855202	0.09108653220559532
NGCF_seed=42_e=15_bs=512_lr=0$09_factors=64_l_w=0$4_weight_size=64_node_dropout=_message_dropout=0$4_n_fold=5	0.012374580586281228	0.004722957586834132	0.01785839397590104	0.004066363044892648	0.02026266944939684	0.0066464534235669975	0.08067664281067013
MultiDAE_seed=42_e=5_bs=1024_intermediate_dim=600_latent_dim=200_reg_lambda=0$6_lr=0$7_dropout_pkeep=0$0	0.024080780627162953	0.008999484900880506	0.029490902298641628	0.008750813272608978	0.046016504279353984	0.014416514811476839	0.16070266753415746
ConvNeuMF_seed=42_e=10_bs=16_lr=0$06_embedding_size=50_cnn_channels=1-16-16_cnn_kernels=2-2_cnn_strides=2-2_dropout_prob=0$5_l_w=0$05_l_b=0$08	0.01581158893974446	0.005876649684457504	0.02418987101090672	0.004749512036434613	0.025226495834823746	0.007815254710023112	0.09173715029277814
ConvMF_seed=42_e=10_bs=32_lr=0$05_embedding_size=100_cnn_channels=1-16-16_cnn_kernels=2-2_cnn_strides=2-2_dropout_prob=0$4_l_w=0$03_l_b=0$04	0.015823016593162723	0.005890967037746882	0.024220618113872435	0.004749512036434613	0.025226495834823746	0.007815254710023112	0.09173715029277814
EASER_neighborhood=995_l2_norm=3$72	0.027647628723930177	0.010464664831835509	0.03513559157149864	0.009401431359791802	0.04986232411411331	0.015481929289370753	0.17696811971372803
