model	nDCG	MAP	MRR	Precision	Recall	F1	HR
GeneralizedMF_seed=42_e=15_bs=512_lr=0$5_mffactors=256_isedgeweighttrain=True	0.009627632245790213	0.005987958401751505	0.01803528828577625	0.004424202992843201	0.01139433652446014	0.006240104102632329	0.04294079375406636
NeuMF_seed=42_e=10_bs=256_lr=0$5_mffactors=256_drop=0_batch_eval=256_mftrain=True_mlptrain=True_m=8	0.011510299836564635	0.006681357209984406	0.02133588416932594	0.005270006506180873	0.013721117673622553	0.007364080667488255	0.05074821080026025
MultiVAE_seed=42_e=10_bs=256_intermediate_dim=800_latent_dim=400_reg_lambda=0$6_lr=0$6_dropout_pkeep=0$5	0.011383556443908724	0.006554047773956687	0.020873222418440373	0.00520494469746259	0.0136397904127247	0.007291789768912385	0.05009759271307743
NGCF_seed=42_e=15_bs=512_lr=0$09_factors=64_l_w=0$4_weight_size=64_node_dropout=_message_dropout=0$4_n_fold=5	0.009218899516233002	0.005244549782610941	0.015541510466689386	0.0046193884189980475	0.012293372426749133	0.0065420377650084105	0.04554326610279766
MultiDAE_seed=42_e=5_bs=1024_intermediate_dim=600_latent_dim=200_reg_lambda=0$6_lr=0$7_dropout_pkeep=0$0	0.016293637525302985	0.008995621237000548	0.02510249816690936	0.009824333116460639	0.024827816223392023	0.013696505094749836	0.0936890045543266
ConvNeuMF_seed=42_e=10_bs=16_lr=0$06_embedding_size=50_cnn_channels=1-16-16_cnn_kernels=2-2_cnn_strides=2-2_dropout_prob=0$5_l_w=0$05_l_b=0$08	0.011502612126588591	0.006663284485340438	0.021313164172630666	0.005270006506180873	0.013721117673622553	0.007364080667488255	0.05074821080026025
ConvMF_seed=42_e=10_bs=32_lr=0$05_embedding_size=100_cnn_channels=1-16-16_cnn_kernels=2-2_cnn_strides=2-2_dropout_prob=0$4_l_w=0$03_l_b=0$04	0.011510299836564635	0.006681357209984406	0.02133588416932594	0.005270006506180873	0.013721117673622553	0.007364080667488255	0.05074821080026025
EASER_neighborhood=995_l2_norm=3$72	0.020245529562252316	0.010898653323832243	0.030420268302506426	0.011060507482108002	0.03054133930841803	0.015858906979349444	0.10670136629798309
