model	nDCG	MAP	MRR	Precision	Recall	F1	HR
NeuMF_seed=42_e=10_bs=256_lr=0$5_mffactors=256_drop=0_batch_eval=256_mftrain=True_mlptrain=True_m=8	0.02473409329003381	0.005069384940397446	0.02744762851007013	0.004255042290175667	0.05479161733228096	0.007807222977265341	0.19583604424202994
