model	nDCG	MAP	MRR	Precision	Recall	F1	HR
GeneralizedMF_seed=42_e=15_bs=512_lr=0$5_mffactors=256_isedgeweighttrain=True	0.02117179612258248	0.004404294654455459	0.02337925887234686	0.003669486011711126	0.04693797852548666	0.0067422102752542025	0.16981132075471697
NeuMF_seed=42_e=10_bs=256_lr=0$5_mffactors=256_drop=0_batch_eval=256_mftrain=True_mlptrain=True_m=8	0.02473409329003381	0.005069384940397446	0.02744762851007013	0.004255042290175667	0.05479161733228096	0.007807222977265341	0.19583604424202994
MultiVAE_seed=42_e=10_bs=256_intermediate_dim=800_latent_dim=400_reg_lambda=0$6_lr=0$6_dropout_pkeep=0$5	0.024555239981978224	0.004988270322457552	0.02693943334017937	0.0042420299284320106	0.05462896281048525	0.007783126011073383	0.1951854261548471
NGCF_seed=42_e=15_bs=512_lr=0$09_factors=64_l_w=0$4_weight_size=64_node_dropout=_message_dropout=0$4_n_fold=5	0.022153610518042353	0.00442753303220835	0.021234556617590862	0.004229017566688354	0.05278046070173591	0.007745005388520209	0.19128171763175017
MultiDAE_seed=42_e=5_bs=1024_intermediate_dim=600_latent_dim=200_reg_lambda=0$6_lr=0$7_dropout_pkeep=0$0	0.03882312421010021	0.008288846142991127	0.03411303595342411	0.0073259596616785955	0.09562296302699687	0.013467783635540728	0.3103448275862069
ConvNeuMF_seed=42_e=10_bs=16_lr=0$06_embedding_size=50_cnn_channels=1-16-16_cnn_kernels=2-2_cnn_strides=2-2_dropout_prob=0$5_l_w=0$05_l_b=0$08	0.02472158875546278	0.005062699040779165	0.027415724397238585	0.004255042290175667	0.05479161733228096	0.007807222977265341	0.19583604424202994
ConvMF_seed=42_e=10_bs=32_lr=0$05_embedding_size=100_cnn_channels=1-16-16_cnn_kernels=2-2_cnn_strides=2-2_dropout_prob=0$4_l_w=0$03_l_b=0$04	0.02473409329003381	0.005069384940397446	0.02744762851007013	0.004255042290175667	0.05479161733228096	0.007807222977265341	0.19583604424202994
EASER_neighborhood=995_l2_norm=3$72	0.0438821642437615	0.009339596309898753	0.040111150270272185	0.007885491216655823	0.10440999216210668	0.014514696971236267	0.33571893298633704
