model	nDCG	MAP	MRR	Precision	Recall	F1	HR
NeuMF_seed=42_e=10_bs=256_lr=0$5_mffactors=256_drop=0_batch_eval=256_mftrain=True_mlptrain=True_m=8	0.015823016593162723	0.005890967037746882	0.024220618113872435	0.004749512036434613	0.025226495834823746	0.007815254710023112	0.09173715029277814
