model	nDCG	MAP	MRR	Precision	Recall	F1	HR
GeneralizedMF_seed=42_e=15_bs=512_lr=0$5_mffactors=256_isedgeweighttrain=True	0.021766862830825507	0.004474488790998791	0.023561691443016685	0.0037475853187379266	0.04822314767581993	0.006873681459703107	0.1699935608499678
NeuMF_seed=42_e=10_bs=256_lr=0$5_mffactors=256_drop=0_batch_eval=256_mftrain=True_mlptrain=True_m=8	0.023354950905369428	0.004823331044295218	0.026222294921718795	0.004069542820347714	0.051710709695255735	0.007452723109816509	0.1854475209272376
MultiVAE_seed=42_e=10_bs=256_intermediate_dim=800_latent_dim=400_reg_lambda=0$6_lr=0$6_dropout_pkeep=0$5	0.02310325271311742	0.0047528833895350035	0.025994593738777057	0.004018029620090148	0.05116261537703907	0.007359778252113627	0.18351577591757887
NGCF_seed=42_e=15_bs=512_lr=0$09_factors=64_l_w=0$4_weight_size=64_node_dropout=_message_dropout=0$4_n_fold=5	0.022960626940815295	0.004775582989331185	0.021830200793929663	0.004339987121699936	0.05608225572810247	0.007975288669925461	0.19510624597553122
MultiDAE_seed=42_e=5_bs=1024_intermediate_dim=600_latent_dim=200_reg_lambda=0$6_lr=0$7_dropout_pkeep=0$0	0.0369161791289501	0.0072980779651060776	0.033588587420201654	0.006889890534449452	0.0895682177877928	0.012646719887353164	0.29233741146168707
ConvNeuMF_seed=42_e=10_bs=16_lr=0$06_embedding_size=50_cnn_channels=1-16-16_cnn_kernels=2-2_cnn_strides=2-2_dropout_prob=0$5_l_w=0$05_l_b=0$08	0.02314639811784257	0.00479342837707103	0.025818037263602833	0.004043786220218931	0.051404083503246406	0.007405830921564834	0.18415969092079845
ConvMF_seed=42_e=10_bs=32_lr=0$05_embedding_size=100_cnn_channels=1-16-16_cnn_kernels=2-2_cnn_strides=2-2_dropout_prob=0$4_l_w=0$03_l_b=0$04	0.023354950905369428	0.004823331044295218	0.026222294921718795	0.004069542820347714	0.051710709695255735	0.007452723109816509	0.1854475209272376
EASER_neighborhood=1018_l2_norm=3$72	0.04502177570809341	0.009289041051253045	0.0433907446458118	0.007830006439150033	0.10586006609831465	0.014435089909374655	0.3374114616870573
