model	nDCG	MAP	MRR	Precision	Recall	F1	HR
NeuMF_seed=42_e=10_bs=256_lr=0$5_mffactors=256_drop=0_batch_eval=256_mftrain=True_mlptrain=True_m=8	0.011199757154285244	0.006622563599382659	0.02074709471683071	0.005280103026400516	0.013827013295783416	0.0074135060821366216	0.051513200257566
