model	nDCG	MAP	MRR	Precision	Recall	F1	HR
GeneralizedMF_seed=42_e=15_bs=512_lr=0$5_mffactors=256_isedgeweighttrain=True	0.014376184429684125	0.005222442254595891	0.020999580561494088	0.004410817772054089	0.023720114399444728	0.007289582426271738	0.08628461043142305
NeuMF_seed=42_e=10_bs=256_lr=0$5_mffactors=256_drop=0_batch_eval=256_mftrain=True_mlptrain=True_m=8	0.01503027085754531	0.005747061121538563	0.023350040365942872	0.004603992273019962	0.023868533269692314	0.007559686881263786	0.0901481004507405
MultiVAE_seed=42_e=10_bs=256_intermediate_dim=800_latent_dim=400_reg_lambda=0$6_lr=0$6_dropout_pkeep=0$5	0.01493568887766342	0.005662183861753655	0.023171779390941744	0.004571796522858984	0.023804141769370357	0.007516759214382482	0.08950418544752092
NGCF_seed=42_e=15_bs=512_lr=0$09_factors=64_l_w=0$4_weight_size=64_node_dropout=_message_dropout=0$4_n_fold=5	0.01299409522901058	0.005316298652828718	0.018447204437766995	0.004475209272376046	0.02227697358090146	0.007306161646773159	0.08370895041854476
MultiDAE_seed=42_e=5_bs=1024_intermediate_dim=600_latent_dim=200_reg_lambda=0$6_lr=0$7_dropout_pkeep=0$0	0.021678228365269992	0.007972987422492426	0.028814195480853844	0.0072762395363811985	0.03777198690270164	0.011962207878813897	0.1339343206696716
ConvNeuMF_seed=42_e=10_bs=16_lr=0$06_embedding_size=50_cnn_channels=1-16-16_cnn_kernels=2-2_cnn_strides=2-2_dropout_prob=0$5_l_w=0$05_l_b=0$08	0.014912281291653312	0.005687830804742245	0.02298026097169471	0.004603992273019962	0.023868533269692314	0.007559686881263786	0.0901481004507405
ConvMF_seed=42_e=10_bs=32_lr=0$05_embedding_size=100_cnn_channels=1-16-16_cnn_kernels=2-2_cnn_strides=2-2_dropout_prob=0$4_l_w=0$03_l_b=0$04	0.01503027085754531	0.005747061121538563	0.023350040365942872	0.004603992273019962	0.023868533269692314	0.007559686881263786	0.0901481004507405
EASER_neighborhood=1018_l2_norm=3$72	0.029329644606754444	0.01048808390568646	0.03846075492359824	0.009562137797810689	0.05271356317718197	0.015879085465867256	0.17707662588538314
