model	nDCG	MAP	MRR	Precision	Recall	F1	HR
GeneralizedMF_seed=42_e=15_bs=512_lr=0$5_mffactors=256_isedgeweighttrain=True	0.010426116615168656	0.005868212062674394	0.018377129774425332	0.004764971023824855	0.013369157493433087	0.006862190406174984	0.04764971023824855
NeuMF_seed=42_e=10_bs=256_lr=0$5_mffactors=256_drop=0_batch_eval=256_mftrain=True_mlptrain=True_m=8	0.011199757154285244	0.006622563599382659	0.02074709471683071	0.005280103026400516	0.013827013295783416	0.0074135060821366216	0.051513200257566
MultiVAE_seed=42_e=10_bs=256_intermediate_dim=800_latent_dim=400_reg_lambda=0$6_lr=0$6_dropout_pkeep=0$5	0.01116500731497186	0.006547567943253713	0.020657917599321333	0.005280103026400516	0.013827013295783416	0.0074135060821366216	0.051513200257566
NGCF_seed=42_e=15_bs=512_lr=0$09_factors=64_l_w=0$4_weight_size=64_node_dropout=_message_dropout=0$4_n_fold=5	0.009730924100389029	0.0057806958370384	0.016462760248980468	0.005602060528010302	0.013685818724453624	0.007731574989244655	0.0540888602704443
MultiDAE_seed=42_e=5_bs=1024_intermediate_dim=600_latent_dim=200_reg_lambda=0$6_lr=0$7_dropout_pkeep=0$0	0.016082748016677046	0.008354643853677981	0.025427743537853004	0.008564069542820348	0.02333472494451245	0.012180747792107772	0.08306503541532517
ConvNeuMF_seed=42_e=10_bs=16_lr=0$06_embedding_size=50_cnn_channels=1-16-16_cnn_kernels=2-2_cnn_strides=2-2_dropout_prob=0$5_l_w=0$05_l_b=0$08	0.010901016387750664	0.006536095013236031	0.02028485573237666	0.0051513200257566	0.013290417459767105	0.0072071230682841944	0.050225370251126854
ConvMF_seed=42_e=10_bs=32_lr=0$05_embedding_size=100_cnn_channels=1-16-16_cnn_kernels=2-2_cnn_strides=2-2_dropout_prob=0$4_l_w=0$03_l_b=0$04	0.011199757154285244	0.006622563599382659	0.02074709471683071	0.005280103026400516	0.013827013295783416	0.0074135060821366216	0.051513200257566
EASER_neighborhood=1018_l2_norm=3$72	0.020116887029350366	0.011079733030795489	0.03302977340324411	0.010238248551191242	0.027775694292114125	0.01453074658238295	0.09723116548615583
