model	nDCG	MAP	MRR	Precision	Recall	F1	HR
GeneralizedMF_seed=42_e=10_bs=512_lr=0$5_mffactors=256_isedgeweighttrain=True	0.00535476490908549	0.0007329445232446487	0.003208711152523413	0.0005646860514117152	0.016437498942890476	0.0010731486293152617	0.028023598820058997
NeuMF_seed=42_e=10_bs=256_lr=0$5_mffactors=256_drop=0_batch_eval=256_mftrain=True_mlptrain=True_m=8	0.00436877056580253	0.0005310338237728494	0.0018465823504085323	0.0005309734513274337	0.015476071867367321	0.0010098885032913238	0.026127265065318164
MultiVAE_seed=42_e=10_bs=256_intermediate_dim=800_latent_dim=400_reg_lambda=0$6_lr=0$6_dropout_pkeep=0$5	0.004342797983502722	0.0005298005585529663	0.0018390833313156679	0.0005267593763168984	0.015370719992103942	0.0010017845128864485	0.025916561314791402
NGCF_seed=42_e=15_bs=512_lr=0$09_factors=64_l_w=0$4_weight_size=64_node_dropout=_message_dropout=0$4_n_fold=5	0.0037139485380447653	0.00046102248029211636	0.002374056569525146	0.0004171934260429836	0.011588227211910314	0.0007876437326027779	0.02064896755162242
MultiDAE_seed=42_e=5_bs=1024_intermediate_dim=600_latent_dim=200_reg_lambda=0$6_lr=0$7_dropout_pkeep=0$0	0.024490409117184423	0.003143015799134966	0.017413266146020134	0.002385166455962916	0.06456358203789478	0.00450069016507079	0.10956595027391487
ConvNeuMF_seed=42_e=10_bs=16_lr=0$05_embedding_size=50_cnn_channels=1-16-16_cnn_kernels=2-2_cnn_strides=2-2_dropout_prob=0$5_l_w=0$08_l_b=0$07	0.009911287762028658	0.0012348827248453008	0.005326538251746826	0.0011378002528445008	0.03319264353819769	0.002161882191721569	0.055836493889591235
ConvMF_seed=42_e=10_bs=32_lr=0$05_embedding_size=100_cnn_channels=1-32-32_cnn_kernels=2-2_cnn_strides=2-2_dropout_prob=0$4_l_w=0$03_l_b=0$04	0.00436877056580253	0.0005310338237728494	0.0018465823504085323	0.0005309734513274337	0.015476071867367321	0.0010098885032913238	0.026127265065318164
EASER_neighborhood=3775_l2_norm=3$72	0.029568015206287285	0.003969559381212984	0.02120770440693	0.0029709228824273074	0.07954986447664493	0.005620890810770258	0.13674673409186683
