model	nDCG	MAP	MRR	Precision	Recall	F1	HR
GeneralizedMF_seed=42_e=15_bs=512_lr=0$5_mffactors=256_isedgeweighttrain=True	0.011551434535762135	0.007627926008276203	0.02395929837564079	0.004798962386511024	0.012336569972756744	0.006707163480683019	0.04798962386511025
NeuMF_seed=42_e=10_bs=256_lr=0$5_mffactors=256_drop=0_batch_eval=256_mftrain=True_mlptrain=True_m=8	0.012062581610142802	0.008197738455520557	0.024655930249315464	0.0052529182879377445	0.012940059292199371	0.007251492161624554	0.05188067444876784
MultiVAE_seed=42_e=10_bs=256_intermediate_dim=800_latent_dim=400_reg_lambda=0$6_lr=0$6_dropout_pkeep=0$5	0.011884335693739338	0.008077712926934717	0.024164402034051843	0.005123216601815824	0.01274550676301649	0.0071001735278156475	0.05058365758754864
NGCF_seed=42_e=15_bs=512_lr=0$09_factors=64_l_w=0$4_weight_size=64_node_dropout=_message_dropout=0$4_n_fold=5	0.008685575011817428	0.0047743859757478435	0.014383247894921047	0.004863813229571985	0.012106005393943138	0.006706606092982598	0.048638132295719845
MultiDAE_seed=42_e=5_bs=1024_intermediate_dim=600_latent_dim=200_reg_lambda=0$6_lr=0$7_dropout_pkeep=0$0	0.012553395490790854	0.006930753710909354	0.018493813435447676	0.007392996108949417	0.01952036110596422	0.010371270531068632	0.07068741893644617
ConvNeuMF_seed=42_e=10_bs=16_lr=0$06_embedding_size=50_cnn_channels=1-16-16_cnn_kernels=2-2_cnn_strides=2-2_dropout_prob=0$5_l_w=0$05_l_b=0$08	0.012062581610142802	0.008197738455520557	0.024655930249315464	0.0052529182879377445	0.012940059292199371	0.007251492161624554	0.05188067444876784
ConvMF_seed=42_e=10_bs=32_lr=0$05_embedding_size=100_cnn_channels=1-16-16_cnn_kernels=2-2_cnn_strides=2-2_dropout_prob=0$4_l_w=0$03_l_b=0$04	0.012062581610142802	0.008197738455520557	0.024655930249315464	0.0052529182879377445	0.012940059292199371	0.007251492161624554	0.05188067444876784
EASER_neighborhood=1032_l2_norm=3$72	0.020695915134847555	0.012449328845243244	0.03721100199699422	0.010570687418936447	0.026448850184258747	0.014693872021967093	0.10246433203631647
