model	nDCG	MAP	MRR	Precision	Recall	F1	HR
GeneralizedMF_seed=42_e=15_bs=512_lr=0$5_mffactors=256_isedgeweighttrain=True	0.015253608697057932	0.006043039937881436	0.026370321844566218	0.004409857328145266	0.02194481192535667	0.00717985935917536	0.08430609597924774
NeuMF_seed=42_e=10_bs=256_lr=0$5_mffactors=256_drop=0_batch_eval=256_mftrain=True_mlptrain=True_m=8	0.016782909952148192	0.006867006440775278	0.027993012514642177	0.004928664072632945	0.024987132769233932	0.008071316827135902	0.0966277561608301
MultiVAE_seed=42_e=10_bs=256_intermediate_dim=800_latent_dim=400_reg_lambda=0$6_lr=0$6_dropout_pkeep=0$5	0.016629104691642367	0.006763708523904462	0.0275273041366541	0.004896238651102465	0.024857431083112017	0.008019436152687135	0.0959792477302205
NGCF_seed=42_e=15_bs=512_lr=0$09_factors=64_l_w=0$4_weight_size=64_node_dropout=_message_dropout=0$4_n_fold=5	0.01289735109458173	0.004712613625517488	0.01716385949996556	0.004669260700389105	0.023101568772774996	0.007589366934332098	0.0907911802853437
MultiDAE_seed=42_e=5_bs=1024_intermediate_dim=600_latent_dim=200_reg_lambda=0$6_lr=0$7_dropout_pkeep=0$0	0.01897690080868899	0.007125393681490163	0.02257835150629479	0.007003891050583658	0.03609696435571922	0.011464134235243346	0.1303501945525292
ConvNeuMF_seed=42_e=10_bs=16_lr=0$06_embedding_size=50_cnn_channels=1-16-16_cnn_kernels=2-2_cnn_strides=2-2_dropout_prob=0$5_l_w=0$05_l_b=0$08	0.016782909952148192	0.006867006440775278	0.027993012514642177	0.004928664072632945	0.024987132769233932	0.008071316827135902	0.0966277561608301
ConvMF_seed=42_e=10_bs=32_lr=0$05_embedding_size=100_cnn_channels=1-16-16_cnn_kernels=2-2_cnn_strides=2-2_dropout_prob=0$4_l_w=0$03_l_b=0$04	0.016782909952148192	0.006867006440775278	0.027993012514642177	0.004928664072632945	0.024987132769233932	0.008071316827135902	0.0966277561608301
EASER_neighborhood=1032_l2_norm=3$72	0.028169791072010376	0.011033770543654776	0.04147205013980201	0.009143968871595331	0.04612052992403187	0.014913366694613846	0.16666666666666666
