model	nDCG	MAP	MRR	Precision	Recall	F1	HR
GeneralizedMF_seed=42_e=15_bs=512_lr=0$5_mffactors=256_isedgeweighttrain=True	0.02214961042182566	0.004733177028177457	0.02881198651713314	0.003631647211413748	0.04479422976504689	0.006631928107791039	0.16601815823605706
NeuMF_seed=42_e=10_bs=256_lr=0$5_mffactors=256_drop=0_batch_eval=256_mftrain=True_mlptrain=True_m=8	0.02720096745092073	0.005605852641366874	0.03157790039242678	0.004682230869001297	0.06018697040097818	0.008586721685096135	0.21595330739299612
MultiVAE_seed=42_e=10_bs=256_intermediate_dim=800_latent_dim=400_reg_lambda=0$6_lr=0$6_dropout_pkeep=0$5	0.026579170761568998	0.005519497356323368	0.03096070904569057	0.004539559014267186	0.058419012893721055	0.008326523910988728	0.20946822308690013
NGCF_seed=42_e=15_bs=512_lr=0$09_factors=64_l_w=0$4_weight_size=64_node_dropout=_message_dropout=0$4_n_fold=5	0.02221937957775577	0.00453267863533942	0.020373546001448587	0.004332036316472114	0.05433755068969076	0.007924687946734723	0.19714656290531776
MultiDAE_seed=42_e=5_bs=1024_intermediate_dim=600_latent_dim=200_reg_lambda=0$6_lr=0$7_dropout_pkeep=0$0	0.033798699834729475	0.006920370050414725	0.02738816864758904	0.006809338521400778	0.08545786609988944	0.01245392281264255	0.2911802853437095
ConvNeuMF_seed=42_e=10_bs=16_lr=0$06_embedding_size=50_cnn_channels=1-16-16_cnn_kernels=2-2_cnn_strides=2-2_dropout_prob=0$5_l_w=0$05_l_b=0$08	0.027240648952337652	0.00560673720385341	0.031591606248424796	0.004695201037613489	0.0603166720871001	0.008610303809845576	0.21660181582360571
ConvMF_seed=42_e=10_bs=32_lr=0$05_embedding_size=100_cnn_channels=1-16-16_cnn_kernels=2-2_cnn_strides=2-2_dropout_prob=0$4_l_w=0$03_l_b=0$04	0.02720096745092073	0.005605852641366874	0.03157790039242678	0.004682230869001297	0.06018697040097818	0.008586721685096135	0.21595330739299612
EASER_neighborhood=1032_l2_norm=3$72	0.04286737786154958	0.00924830822568527	0.04591214068262052	0.007405966277561608	0.09577899402802127	0.01359358594901668	0.3106355382619974
