model	nDCG	MAP	MRR	Precision	Recall	F1	HR
NeuMF_seed=42_e=10_bs=256_lr=0$5_mffactors=256_drop=0_batch_eval=256_mftrain=True_mlptrain=True_m=8	0.02720096745092073	0.005605852641366874	0.03157790039242678	0.004682230869001297	0.06018697040097818	0.008586721685096135	0.21595330739299612
