model	nDCG	MAP	MRR	Precision	Recall	F1	HR
NeuMF_seed=42_e=10_bs=256_lr=0$08_mffactors=256_drop=0$3_batch_eval=256_mftrain=True_mlptrain=True_m=8	0.0022826112500441494	0.0004263725919759382	0.0013348852042276702	0.000590508911316298	0.006459646930980408	0.0010577009218033107	0.01181017822632596
