model	nDCG	MAP	MRR	Precision	Recall	F1	HR
NeuMF_seed=42_e=10_bs=256_lr=0$08_mffactors=256_drop=0$3_batch_eval=256_mftrain=True_mlptrain=True_m=8	0.0011902378633014304	0.000318653264755906	0.0008753676833986045	0.0004724071290530385	0.002744971727149094	0.0007766122646947214	0.004724071290530384
