model	nDCG	MAP	MRR	Precision	Recall	F1	HR
GeneralizedMF_seed=42_e=15_bs=512_lr=0$5_mffactors=256_isedgeweighttrain=True	0.022763575665200462	0.0048708258926263	0.026360905092978528	0.004	0.0498716339758685	0.007315628715882509	0.18436482084690553
NeuMF_seed=42_e=10_bs=256_lr=0$5_mffactors=256_drop=0_batch_eval=256_mftrain=True_mlptrain=True_m=8	0.023792649461477227	0.005135567639987024	0.028155081698570738	0.0042605863192182415	0.051672643317594455	0.0077820264702008245	0.19022801302931597
MultiVAE_seed=42_e=10_bs=256_intermediate_dim=800_latent_dim=400_reg_lambda=0$6_lr=0$6_dropout_pkeep=0$5	0.02352099295520624	0.005053163994513169	0.027745985734102613	0.0042214983713355055	0.05133062377362052	0.00771218280157023	0.18892508143322476
NGCF_seed=42_e=15_bs=512_lr=0$09_factors=64_l_w=0$4_weight_size=64_node_dropout=_message_dropout=0$4_n_fold=5	0.022934431098662444	0.004697773999574472	0.02065290591815829	0.004247557003257329	0.05583234897567144	0.007809511951954326	0.19283387622149836
MultiDAE_seed=42_e=5_bs=1024_intermediate_dim=600_latent_dim=200_reg_lambda=0$6_lr=0$7_dropout_pkeep=0$0	0.03563501667856879	0.007135535907932834	0.029755150388282765	0.006996742671009772	0.09168633754952972	0.012864061607094858	0.3042345276872964
ConvNeuMF_seed=42_e=10_bs=16_lr=0$06_embedding_size=50_cnn_channels=1-16-16_cnn_kernels=2-2_cnn_strides=2-2_dropout_prob=0$5_l_w=0$05_l_b=0$08	0.023792649461477227	0.005135567639987024	0.028155081698570738	0.0042605863192182415	0.051672643317594455	0.0077820264702008245	0.19022801302931597
ConvMF_seed=42_e=10_bs=32_lr=0$05_embedding_size=100_cnn_channels=1-16-16_cnn_kernels=2-2_cnn_strides=2-2_dropout_prob=0$4_l_w=0$03_l_b=0$04	0.023792649461477227	0.005135567639987024	0.028155081698570738	0.0042605863192182415	0.051672643317594455	0.0077820264702008245	0.19022801302931597
EASER_neighborhood=995_l2_norm=3$72	0.045682299011837714	0.009569949727446096	0.04520183724334563	0.008026058631921825	0.10521539264210271	0.014759184296001758	0.3439739413680782
