model	nDCG	MAP	MRR	Precision	Recall	F1	HR
GeneralizedMF_seed=42_e=15_bs=512_lr=0$5_mffactors=256_isedgeweighttrain=True	0.015139982757765194	0.005737585497110411	0.023644503709801562	0.00495114006514658	0.02428860498893072	0.008028808587405853	0.09511400651465798
NeuMF_seed=42_e=10_bs=256_lr=0$5_mffactors=256_drop=0_batch_eval=256_mftrain=True_mlptrain=True_m=8	0.01448795932113113	0.006067571413979025	0.024780413852150726	0.0043973941368078175	0.021494258546375808	0.007146792922298257	0.08469055374592833
MultiVAE_seed=42_e=10_bs=256_intermediate_dim=800_latent_dim=400_reg_lambda=0$6_lr=0$6_dropout_pkeep=0$5	0.014329448128178776	0.005982390489221552	0.024428531044236815	0.004364820846905538	0.02141282532162011	0.007100259651009285	0.08403908794788274
NGCF_seed=42_e=15_bs=512_lr=0$09_factors=64_l_w=0$4_weight_size=64_node_dropout=_message_dropout=0$4_n_fold=5	0.013954654172867478	0.005002805819099523	0.01763071060077948	0.00485342019543974	0.02556637354682957	0.007989860593477354	0.09446254071661238
MultiDAE_seed=42_e=5_bs=1024_intermediate_dim=600_latent_dim=200_reg_lambda=0$6_lr=0$7_dropout_pkeep=0$0	0.020239721798729182	0.007399460410713574	0.024868244107410717	0.007557003257328991	0.03872938317563725	0.012381745471412365	0.13811074918566776
ConvNeuMF_seed=42_e=10_bs=16_lr=0$06_embedding_size=50_cnn_channels=1-16-16_cnn_kernels=2-2_cnn_strides=2-2_dropout_prob=0$5_l_w=0$05_l_b=0$08	0.01448795932113113	0.006067571413979025	0.024780413852150726	0.0043973941368078175	0.021494258546375808	0.007146792922298257	0.08469055374592833
ConvMF_seed=42_e=10_bs=32_lr=0$05_embedding_size=100_cnn_channels=1-16-16_cnn_kernels=2-2_cnn_strides=2-2_dropout_prob=0$4_l_w=0$03_l_b=0$04	0.01448795932113113	0.006067571413979025	0.024780413852150726	0.0043973941368078175	0.021494258546375808	0.007146792922298257	0.08469055374592833
EASER_neighborhood=995_l2_norm=3$72	0.02981636892640649	0.01124136356819821	0.040149344315826105	0.009609120521172639	0.05180626648053357	0.015906368876869786	0.17980456026058633
