model	nDCG	MAP	MRR	Precision	Recall	F1	HR
GeneralizedMF_seed=42_e=15_bs=512_lr=0$5_mffactors=256_isedgeweighttrain=True	0.010685781908700946	0.006683134274339486	0.020757716767488756	0.005081433224755701	0.012627860738609923	0.007032548256920742	0.0501628664495114
NeuMF_seed=42_e=10_bs=256_lr=0$5_mffactors=256_drop=0_batch_eval=256_mftrain=True_mlptrain=True_m=8	0.011143824582640446	0.0072402926425727725	0.022472209296313533	0.0053420195439739405	0.012977118791451038	0.007345761340577851	0.05211726384364821
MultiVAE_seed=42_e=10_bs=256_intermediate_dim=800_latent_dim=400_reg_lambda=0$6_lr=0$6_dropout_pkeep=0$5	0.01090962321915429	0.007114187477379659	0.022061682436275275	0.005211726384364821	0.012700739361977147	0.007183491471467591	0.050814332247557006
NGCF_seed=42_e=15_bs=512_lr=0$09_factors=64_l_w=0$4_weight_size=64_node_dropout=_message_dropout=0$4_n_fold=5	0.009292057091042612	0.005095651724316219	0.014490719197559588	0.004885993485342019	0.013450183547903418	0.006945678331555843	0.04820846905537459
MultiDAE_seed=42_e=5_bs=1024_intermediate_dim=600_latent_dim=200_reg_lambda=0$6_lr=0$7_dropout_pkeep=0$0	0.013620418557322277	0.007124631611602295	0.020912310635437675	0.008338762214983714	0.02111705702910914	0.011592265086985793	0.0781758957654723
ConvNeuMF_seed=42_e=10_bs=16_lr=0$06_embedding_size=50_cnn_channels=1-16-16_cnn_kernels=2-2_cnn_strides=2-2_dropout_prob=0$5_l_w=0$05_l_b=0$08	0.011143824582640446	0.0072402926425727725	0.022472209296313533	0.0053420195439739405	0.012977118791451038	0.007345761340577851	0.05211726384364821
ConvMF_seed=42_e=10_bs=32_lr=0$05_embedding_size=100_cnn_channels=1-16-16_cnn_kernels=2-2_cnn_strides=2-2_dropout_prob=0$4_l_w=0$03_l_b=0$04	0.011143824582640446	0.0072402926425727725	0.022472209296313533	0.0053420195439739405	0.012977118791451038	0.007345761340577851	0.05211726384364821
EASER_neighborhood=995_l2_norm=3$72	0.021246470311652596	0.012079778708443204	0.034732175171914584	0.010814332247557004	0.02924616100511866	0.015340694860112778	0.10293159609120521
