model	nDCG	MAP	MRR	Precision	Recall	F1	HR
NeuMF_seed=42_e=10_bs=256_lr=0$5_mffactors=256_drop=0_batch_eval=256_mftrain=True_mlptrain=True_m=8	0.02260366908029427	0.004658855604972503	0.026412769798517647	0.0039664082687338505	0.04936223875177364	0.007256855640341727	0.17958656330749354
