model	nDCG	MAP	MRR	Precision	Recall	F1	HR
GeneralizedMF_seed=42_e=15_bs=512_lr=0$5_mffactors=256_isedgeweighttrain=True	0.021572247136389725	0.004489608156278111	0.021565024711135108	0.004056847545219638	0.05067053424611564	0.007428815803987078	0.18540051679586564
NeuMF_seed=42_e=10_bs=256_lr=0$5_mffactors=256_drop=0_batch_eval=256_mftrain=True_mlptrain=True_m=8	0.02260366908029427	0.004658855604972503	0.026412769798517647	0.0039664082687338505	0.04936223875177364	0.007256855640341727	0.17958656330749354
MultiVAE_seed=42_e=10_bs=256_intermediate_dim=800_latent_dim=400_reg_lambda=0$6_lr=0$6_dropout_pkeep=0$5	0.02234831285417474	0.004597615530036311	0.026214756312235195	0.003914728682170543	0.04867676645777421	0.007162695099678318	0.17829457364341086
NGCF_seed=42_e=15_bs=512_lr=0$09_factors=64_l_w=0$4_weight_size=64_node_dropout=_message_dropout=0$4_n_fold=5	0.02349632373352048	0.004854684021389129	0.021168245966594834	0.004457364341085271	0.058487188235250245	0.00819840441492651	0.20478036175710596
MultiDAE_seed=42_e=5_bs=1024_intermediate_dim=600_latent_dim=200_reg_lambda=0$6_lr=0$7_dropout_pkeep=0$0	0.047526445789867464	0.009658157565083989	0.048378830293150536	0.008100775193798449	0.10763105864850052	0.014916681272789483	0.3397932816537468
ConvNeuMF_seed=42_e=10_bs=16_lr=0$06_embedding_size=50_cnn_channels=1-16-16_cnn_kernels=2-2_cnn_strides=2-2_dropout_prob=0$5_l_w=0$05_l_b=0$08	0.024188536032908683	0.005112598166294789	0.027079805859806797	0.004121447028423773	0.053641931209760664	0.007572194129798657	0.19121447028423771
ConvMF_seed=42_e=10_bs=32_lr=0$05_embedding_size=100_cnn_channels=1-16-16_cnn_kernels=2-2_cnn_strides=2-2_dropout_prob=0$4_l_w=0$03_l_b=0$04	0.02260366908029427	0.004658855604972503	0.026412769798517647	0.0039664082687338505	0.04936223875177364	0.007256855640341727	0.17958656330749354
EASER_neighborhood=1012_l2_norm=3$72	0.04355006758722835	0.009062316155654985	0.044005737625832896	0.0075710594315245485	0.10013337043375803	0.013918872598615878	0.31912144702842377
