model	nDCG	MAP	MRR	Precision	Recall	F1	HR
GeneralizedMF_seed=42_e=15_bs=512_lr=0$5_mffactors=256_isedgeweighttrain=True	0.012962160858143128	0.0049041630705027395	0.018470821122874907	0.004392764857881137	0.022270462096043487	0.007171186724110859	0.08527131782945736
NeuMF_seed=42_e=10_bs=256_lr=0$5_mffactors=256_drop=0_batch_eval=256_mftrain=True_mlptrain=True_m=8	0.013428859277397393	0.0055006555932123535	0.02315576927987529	0.0039082687338501294	0.018895099660603536	0.006312282011071883	0.0755813953488372
MultiVAE_seed=42_e=10_bs=256_intermediate_dim=800_latent_dim=400_reg_lambda=0$6_lr=0$6_dropout_pkeep=0$5	0.013319261220827102	0.005441470346442357	0.02299967144718387	0.003875968992248062	0.01867976804992309	0.006256108547416113	0.07493540051679587
NGCF_seed=42_e=15_bs=512_lr=0$09_factors=64_l_w=0$4_weight_size=64_node_dropout=_message_dropout=0$4_n_fold=5	0.014305461050647863	0.00508435279781609	0.01787037511336717	0.0051033591731266155	0.027800103284599406	0.008451501757999922	0.09754521963824289
MultiDAE_seed=42_e=5_bs=1024_intermediate_dim=600_latent_dim=200_reg_lambda=0$6_lr=0$7_dropout_pkeep=0$0	0.030121394111952415	0.011448024727129746	0.04318074901510234	0.00907622739018088	0.04873266627142596	0.014997743554201292	0.16925064599483206
ConvNeuMF_seed=42_e=10_bs=16_lr=0$06_embedding_size=50_cnn_channels=1-16-16_cnn_kernels=2-2_cnn_strides=2-2_dropout_prob=0$5_l_w=0$05_l_b=0$08	0.015846871393635727	0.006456766270584009	0.024278803363645688	0.004877260981912145	0.024959264106550923	0.008003320374249502	0.09366925064599484
ConvMF_seed=42_e=10_bs=32_lr=0$05_embedding_size=100_cnn_channels=1-16-16_cnn_kernels=2-2_cnn_strides=2-2_dropout_prob=0$4_l_w=0$03_l_b=0$04	0.013428859277397393	0.0055006555932123535	0.02315576927987529	0.0039082687338501294	0.018895099660603536	0.006312282011071883	0.0755813953488372
EASER_neighborhood=1012_l2_norm=3$72	0.027901863679448396	0.010632506184400517	0.039260545134198147	0.008785529715762274	0.04734683024411706	0.014516652201004473	0.16214470284237725
