model	nDCG	MAP	MRR	Precision	Recall	F1	HR
GeneralizedMF_seed=42_e=15_bs=512_lr=0$5_mffactors=256_isedgeweighttrain=True	0.00902203029339441	0.0053313030638612036	0.015968889709199786	0.004780361757105943	0.0117122917995011	0.00655490352702775	0.047157622739018086
NeuMF_seed=42_e=10_bs=256_lr=0$5_mffactors=256_drop=0_batch_eval=256_mftrain=True_mlptrain=True_m=8	0.010686170098506984	0.006644723350149707	0.021147871293220134	0.004780361757105943	0.012068824084327958	0.0066397993069579695	0.047157622739018086
MultiVAE_seed=42_e=10_bs=256_intermediate_dim=800_latent_dim=400_reg_lambda=0$6_lr=0$6_dropout_pkeep=0$5	0.010665492811876773	0.0066031951109470485	0.02107173618801526	0.004780361757105943	0.012068824084327958	0.0066397993069579695	0.047157622739018086
NGCF_seed=42_e=15_bs=512_lr=0$09_factors=64_l_w=0$4_weight_size=64_node_dropout=_message_dropout=0$4_n_fold=5	0.00942668638417719	0.004970263729953652	0.015032709897050984	0.005490956072351421	0.014437471801812889	0.007761085469313804	0.05490956072351421
MultiDAE_seed=42_e=5_bs=1024_intermediate_dim=600_latent_dim=200_reg_lambda=0$6_lr=0$7_dropout_pkeep=0$0	0.022381199230360846	0.012967782289487716	0.03827416840982732	0.010465116279069769	0.028666300323277067	0.01490178675196195	0.10012919896640828
ConvNeuMF_seed=42_e=10_bs=16_lr=0$06_embedding_size=50_cnn_channels=1-16-16_cnn_kernels=2-2_cnn_strides=2-2_dropout_prob=0$5_l_w=0$05_l_b=0$08	0.012485903925489096	0.007538810959353595	0.02197023296829498	0.006266149870801033	0.016254973134818097	0.008777633197737836	0.059431524547803614
ConvMF_seed=42_e=10_bs=32_lr=0$05_embedding_size=100_cnn_channels=1-16-16_cnn_kernels=2-2_cnn_strides=2-2_dropout_prob=0$4_l_w=0$03_l_b=0$04	0.010686170098506984	0.006644723350149707	0.021147871293220134	0.004780361757105943	0.012068824084327958	0.0066397993069579695	0.047157622739018086
EASER_neighborhood=1012_l2_norm=3$72	0.019999009914784108	0.01203662688158812	0.034820403182806284	0.009948320413436693	0.025749815430047986	0.013941801008604473	0.09560723514211886
