model	nDCG	MAP	MRR	Precision	Recall	F1	HR
GeneralizedMF_seed=42_e=15_bs=512_lr=0$5_mffactors=256_isedgeweighttrain=True	0.010814606170398545	0.006637245047535284	0.020932539682539685	0.00474934036939314	0.012391370356409933	0.006680598497860397	0.04617414248021108
NeuMF_seed=42_e=10_bs=256_lr=0$5_mffactors=256_drop=0_batch_eval=256_mftrain=True_mlptrain=True_m=8	0.012263239471726117	0.00781060225321439	0.024998952967290697	0.004881266490765172	0.013119058089374708	0.006948766602450323	0.04683377308707124
MultiVAE_seed=42_e=10_bs=256_intermediate_dim=800_latent_dim=400_reg_lambda=0$6_lr=0$6_dropout_pkeep=0$5	0.012162337917545922	0.007783588809314403	0.02490550529798551	0.004815303430079156	0.012899181220421326	0.0068472849706256835	0.04617414248021108
NGCF_seed=42_e=15_bs=512_lr=0$09_factors=64_l_w=0$4_weight_size=64_node_dropout=_message_dropout=0$4_n_fold=5	0.009026155662024058	0.005257465343217322	0.015659159442140972	0.004485488126649077	0.01223483896636931	0.006378928741172138	0.044195250659630606
MultiDAE_seed=42_e=5_bs=1024_intermediate_dim=600_latent_dim=200_reg_lambda=0$6_lr=0$7_dropout_pkeep=0$0	0.016479877994250346	0.010228331658081	0.028977153746283037	0.008113456464379947	0.020711972723846075	0.011350686732271808	0.079155672823219
ConvNeuMF_seed=42_e=10_bs=16_lr=0$06_embedding_size=50_cnn_channels=1-16-16_cnn_kernels=2-2_cnn_strides=2-2_dropout_prob=0$5_l_w=0$05_l_b=0$08	0.012263239471726117	0.00781060225321439	0.024998952967290697	0.004881266490765172	0.013119058089374708	0.006948766602450323	0.04683377308707124
ConvMF_seed=42_e=10_bs=32_lr=0$05_embedding_size=100_cnn_channels=1-16-16_cnn_kernels=2-2_cnn_strides=2-2_dropout_prob=0$4_l_w=0$03_l_b=0$04	0.012263239471726117	0.00781060225321439	0.024998952967290697	0.004881266490765172	0.013119058089374708	0.006948766602450323	0.04683377308707124
EASER_neighborhood=1014_l2_norm=3$72	0.01970626962924768	0.011298163504627885	0.032401474222054694	0.00982849604221636	0.026783120500138966	0.013912632730658412	0.09432717678100264
