model	nDCG	MAP	MRR	Precision	Recall	F1	HR
GeneralizedMF_seed=42_e=15_bs=512_lr=0$5_mffactors=256_isedgeweighttrain=True	0.014773180203764592	0.005570991686438786	0.023522251460977292	0.004386543535620053	0.022852559709419865	0.007202028494901774	0.08509234828496043
NeuMF_seed=42_e=10_bs=256_lr=0$5_mffactors=256_drop=0_batch_eval=256_mftrain=True_mlptrain=True_m=8	0.016524782083035986	0.006347260529595551	0.02778063155622543	0.004650395778364117	0.02397547849394815	0.007652530992022196	0.08641160949868074
MultiVAE_seed=42_e=10_bs=256_intermediate_dim=800_latent_dim=400_reg_lambda=0$6_lr=0$6_dropout_pkeep=0$5	0.016349257707196058	0.006297289117046585	0.027641289354582852	0.0045514511873350925	0.023618178581898894	0.007499704486952948	0.08509234828496043
NGCF_seed=42_e=15_bs=512_lr=0$09_factors=64_l_w=0$4_weight_size=64_node_dropout=_message_dropout=0$4_n_fold=5	0.013647505485325688	0.004984136384503572	0.018656449146776267	0.0045514511873350925	0.024408950035599113	0.007505213631614481	0.0870712401055409
MultiDAE_seed=42_e=5_bs=1024_intermediate_dim=600_latent_dim=200_reg_lambda=0$6_lr=0$7_dropout_pkeep=0$0	0.022094535595734887	0.008936712384582931	0.03273459708648959	0.006893139841688654	0.03519896257363276	0.011286635311478554	0.13258575197889183
ConvNeuMF_seed=42_e=10_bs=16_lr=0$06_embedding_size=50_cnn_channels=1-16-16_cnn_kernels=2-2_cnn_strides=2-2_dropout_prob=0$5_l_w=0$05_l_b=0$08	0.016524782083035986	0.006347260529595551	0.02778063155622543	0.004650395778364117	0.02397547849394815	0.007652530992022196	0.08641160949868074
ConvMF_seed=42_e=10_bs=32_lr=0$05_embedding_size=100_cnn_channels=1-16-16_cnn_kernels=2-2_cnn_strides=2-2_dropout_prob=0$4_l_w=0$03_l_b=0$04	0.016524782083035986	0.006347260529595551	0.02778063155622543	0.004650395778364117	0.02397547849394815	0.007652530992022196	0.08641160949868074
EASER_neighborhood=1014_l2_norm=3$72	0.02669460068400837	0.010112104893126165	0.036626040693592585	0.008443271767810026	0.04536899812295591	0.013939943403157486	0.15699208443271767
