model	nDCG	MAP	MRR	Precision	Recall	F1	HR
GeneralizedMF_seed=42_e=15_bs=512_lr=0$5_mffactors=256_isedgeweighttrain=True	0.02222520122292659	0.0045863048379083705	0.026229081005560814	0.003759894459102903	0.04741281329342014	0.006889405834296532	0.17546174142480211
NeuMF_seed=42_e=10_bs=256_lr=0$5_mffactors=256_drop=0_batch_eval=256_mftrain=True_mlptrain=True_m=8	0.025100201661433338	0.005099315529412946	0.030870058396791546	0.004142480211081794	0.05277492223402514	0.007600626697158276	0.18997361477572558
MultiVAE_seed=42_e=10_bs=256_intermediate_dim=800_latent_dim=400_reg_lambda=0$6_lr=0$6_dropout_pkeep=0$5	0.02480842507154884	0.005042808436785431	0.03069536840020469	0.004063324538258575	0.05204932856647895	0.0074579922867138385	0.18733509234828497
NGCF_seed=42_e=15_bs=512_lr=0$09_factors=64_l_w=0$4_weight_size=64_node_dropout=_message_dropout=0$4_n_fold=5	0.02205776819515622	0.004476710329087035	0.021477783340478195	0.004116094986807388	0.052602494983761475	0.007538263463955183	0.18403693931398418
MultiDAE_seed=42_e=5_bs=1024_intermediate_dim=600_latent_dim=200_reg_lambda=0$6_lr=0$7_dropout_pkeep=0$0	0.034038357721694966	0.007227296429288413	0.0367256113599029	0.00596306068601583	0.07541696247171181	0.010924627840360805	0.2684696569920844
ConvNeuMF_seed=42_e=10_bs=16_lr=0$06_embedding_size=50_cnn_channels=1-16-16_cnn_kernels=2-2_cnn_strides=2-2_dropout_prob=0$5_l_w=0$05_l_b=0$08	0.025100201661433338	0.005099315529412946	0.030870058396791546	0.004142480211081794	0.05277492223402514	0.007600626697158276	0.18997361477572558
ConvMF_seed=42_e=10_bs=32_lr=0$05_embedding_size=100_cnn_channels=1-16-16_cnn_kernels=2-2_cnn_strides=2-2_dropout_prob=0$4_l_w=0$03_l_b=0$04	0.025100201661433338	0.005099315529412946	0.030870058396791546	0.004142480211081794	0.05277492223402514	0.007600626697158276	0.18997361477572558
EASER_neighborhood=1014_l2_norm=3$72	0.04078780657917856	0.008631977878235528	0.041187442350158976	0.007097625329815304	0.09211587481706215	0.013042586392453327	0.30408970976253297
