model	nDCG	MAP	MRR	Precision	Recall	F1	HR
GeneralizedMF_seed=42_e=15_bs=512_lr=0$5_mffactors=256_isedgeweighttrain=True	0.009004060652667026	0.005417590710281525	0.016145352060617263	0.004915912031047865	0.011767695435224542	0.006700978782030852	0.04915912031047866
NeuMF_seed=42_e=10_bs=256_lr=0$5_mffactors=256_drop=0_batch_eval=256_mftrain=True_mlptrain=True_m=8	0.009573305995000218	0.005741853015462329	0.018508593605618188	0.004139715394566624	0.010633431897985584	0.00581350960127309	0.04139715394566624
MultiVAE_seed=42_e=10_bs=256_intermediate_dim=800_latent_dim=400_reg_lambda=0$6_lr=0$6_dropout_pkeep=0$5	0.00936821201955796	0.00564806258855418	0.0180378447196041	0.004010349288486417	0.010444772993285282	0.005660785726039511	0.040103492884864166
NGCF_seed=42_e=15_bs=512_lr=0$09_factors=64_l_w=0$4_weight_size=64_node_dropout=_message_dropout=0$4_n_fold=5	0.00875984399653938	0.004835006878991356	0.014063687139366312	0.0048512289780077615	0.012523614447935276	0.006746280767073464	0.04721862871927555
MultiDAE_seed=42_e=5_bs=1024_intermediate_dim=600_latent_dim=200_reg_lambda=0$6_lr=0$7_dropout_pkeep=0$0	0.021244576379561765	0.013015667672847493	0.038740271874165795	0.010155239327296247	0.026154314996488345	0.014150453440471389	0.09767141009055627
ConvNeuMF_seed=42_e=10_bs=16_lr=0$06_embedding_size=50_cnn_channels=1-16-16_cnn_kernels=2-2_cnn_strides=2-2_dropout_prob=0$5_l_w=0$05_l_b=0$08	0.009573305995000218	0.005741853015462329	0.018508593605618188	0.004139715394566624	0.010633431897985584	0.00581350960127309	0.04139715394566624
ConvMF_seed=42_e=10_bs=32_lr=0$05_embedding_size=100_cnn_channels=1-16-16_cnn_kernels=2-2_cnn_strides=2-2_dropout_prob=0$4_l_w=0$03_l_b=0$04	0.009573305995000218	0.005741853015462329	0.018508593605618188	0.004139715394566624	0.010633431897985584	0.00581350960127309	0.04139715394566624
EASER_neighborhood=1020_l2_norm=3$72	0.02150307655783152	0.012330592003942585	0.03481077640197951	0.011060802069857698	0.03001884022259184	0.01578695704958827	0.10608020698576973
