model	nDCG	MAP	MRR	Precision	Recall	F1	HR
GeneralizedMF_seed=42_e=15_bs=512_lr=0$5_mffactors=256_isedgeweighttrain=True	0.013184954308353656	0.005065118420993615	0.01863625955444851	0.004689521345407503	0.022575948918122268	0.007593387992049197	0.08732212160413971
NeuMF_seed=42_e=10_bs=256_lr=0$5_mffactors=256_drop=0_batch_eval=256_mftrain=True_mlptrain=True_m=8	0.01370436232884283	0.004996349329355409	0.021330507380245247	0.0042690815006468305	0.021247892900544903	0.006972480110279509	0.08344113842173351
MultiVAE_seed=42_e=10_bs=256_intermediate_dim=800_latent_dim=400_reg_lambda=0$6_lr=0$6_dropout_pkeep=0$5	0.013508994937642396	0.004907542081985317	0.020897050207960417	0.004236739974126779	0.02103228272374456	0.006916233977201158	0.08279430789133248
NGCF_seed=42_e=15_bs=512_lr=0$09_factors=64_l_w=0$4_weight_size=64_node_dropout=_message_dropout=0$4_n_fold=5	0.01229139615061724	0.00468141532330576	0.016383349168495296	0.0042690815006468305	0.021637764635824147	0.0069630110038932155	0.0815006468305304
MultiDAE_seed=42_e=5_bs=1024_intermediate_dim=600_latent_dim=200_reg_lambda=0$6_lr=0$7_dropout_pkeep=0$0	0.026385031136977436	0.010699575982973615	0.04182100016776742	0.007729624838292367	0.04004397392172295	0.012662810458768664	0.1448900388098318
ConvNeuMF_seed=42_e=10_bs=16_lr=0$06_embedding_size=50_cnn_channels=1-16-16_cnn_kernels=2-2_cnn_strides=2-2_dropout_prob=0$5_l_w=0$05_l_b=0$08	0.01370436232884283	0.004996349329355409	0.021330507380245247	0.0042690815006468305	0.021247892900544903	0.006972480110279509	0.08344113842173351
ConvMF_seed=42_e=10_bs=32_lr=0$05_embedding_size=100_cnn_channels=1-16-16_cnn_kernels=2-2_cnn_strides=2-2_dropout_prob=0$4_l_w=0$03_l_b=0$04	0.01370436232884283	0.004996349329355409	0.021330507380245247	0.0042690815006468305	0.021247892900544903	0.006972480110279509	0.08344113842173351
EASER_neighborhood=1020_l2_norm=3$72	0.028244422617416193	0.010914331765056594	0.03908747093283538	0.009055627425614488	0.04792192858169572	0.0149406401158444	0.17205692108667528
