model	nDCG	MAP	MRR	Precision	Recall	F1	HR
GeneralizedMF_seed=42_e=15_bs=512_lr=0$5_mffactors=256_isedgeweighttrain=True	0.01999773990097976	0.004464975546610363	0.020956720372806704	0.0037128072445019407	0.04479068796662587	0.0067888283926943105	0.16235446313065977
NeuMF_seed=42_e=10_bs=256_lr=0$5_mffactors=256_drop=0_batch_eval=256_mftrain=True_mlptrain=True_m=8	0.022235669351067525	0.004571329613595448	0.024454249439971692	0.0039327296248382925	0.049242330904685355	0.007207236793337159	0.18111254851228978
MultiVAE_seed=42_e=10_bs=256_intermediate_dim=800_latent_dim=400_reg_lambda=0$6_lr=0$6_dropout_pkeep=0$5	0.022051858327939815	0.004497464413392272	0.023987647090723468	0.003919793014230272	0.04918842836048528	0.00718637129235648	0.18046571798188873
NGCF_seed=42_e=15_bs=512_lr=0$09_factors=64_l_w=0$4_weight_size=64_node_dropout=_message_dropout=0$4_n_fold=5	0.019555378876732032	0.004207940161735618	0.018869364918699706	0.003609314359637775	0.04576814410255548	0.006615705749118487	0.16364812419146182
MultiDAE_seed=42_e=5_bs=1024_intermediate_dim=600_latent_dim=200_reg_lambda=0$6_lr=0$7_dropout_pkeep=0$0	0.042400151803386674	0.008905599577386474	0.04717583545951641	0.007270375161707634	0.09293571707866662	0.013335436351112322	0.31371280724450196
ConvNeuMF_seed=42_e=10_bs=16_lr=0$06_embedding_size=50_cnn_channels=1-16-16_cnn_kernels=2-2_cnn_strides=2-2_dropout_prob=0$5_l_w=0$05_l_b=0$08	0.022235669351067525	0.004571329613595448	0.024454249439971692	0.0039327296248382925	0.049242330904685355	0.007207236793337159	0.18111254851228978
ConvMF_seed=42_e=10_bs=32_lr=0$05_embedding_size=100_cnn_channels=1-16-16_cnn_kernels=2-2_cnn_strides=2-2_dropout_prob=0$4_l_w=0$03_l_b=0$04	0.022235669351067525	0.004571329613595448	0.024454249439971692	0.0039327296248382925	0.049242330904685355	0.007207236793337159	0.18111254851228978
EASER_neighborhood=1020_l2_norm=3$72	0.043112110783895076	0.009238749752470528	0.04368219436520389	0.007490297542043986	0.09746609039946685	0.013778736316029933	0.3201811125485123
