model	nDCG	MAP	MRR	Precision	Recall	F1	HR
NeuMF_seed=42_e=10_bs=256_lr=0$5_mffactors=256_drop=0_batch_eval=256_mftrain=True_mlptrain=True_m=8	0.02348334803705446	0.004773391689136273	0.022622125778084697	0.00431270358306189	0.055607465175390065	0.007906751536694815	0.19543973941368079
