model	nDCG	MAP	MRR	Precision	Recall	F1	HR
GeneralizedMF_seed=42_e=15_bs=512_lr=0$5_mffactors=256_isedgeweighttrain=True	0.014759749119946276	0.005397152988252311	0.018462046758226706	0.0051465798045602605	0.02670834892045852	0.008449935837667868	0.09641693811074918
NeuMF_seed=42_e=10_bs=256_lr=0$5_mffactors=256_drop=0_batch_eval=256_mftrain=True_mlptrain=True_m=8	0.013418527085344741	0.004982095796889415	0.01911079302780677	0.004364820846905538	0.02236317545476388	0.007125930675618374	0.08664495114006515
MultiVAE_seed=42_e=10_bs=256_intermediate_dim=800_latent_dim=400_reg_lambda=0$6_lr=0$6_dropout_pkeep=0$5	0.013174099894727006	0.004891682793591054	0.0187457102670493	0.004234527687296417	0.021949804894813515	0.006928910661008782	0.08403908794788274
NGCF_seed=42_e=15_bs=512_lr=0$09_factors=64_l_w=0$4_weight_size=64_node_dropout=_message_dropout=0$4_n_fold=5	0.012108368940499787	0.004577209921891803	0.016615916415963813	0.003941368078175896	0.02047341728123487	0.006470230667566958	0.07687296416938111
MultiDAE_seed=42_e=5_bs=1024_intermediate_dim=600_latent_dim=200_reg_lambda=0$6_lr=0$7_dropout_pkeep=0$0	0.019871872398871837	0.007633519422930078	0.027454821417896617	0.0068403908794788275	0.034756499381906544	0.011143691685729065	0.13029315960912052
ConvNeuMF_seed=42_e=10_bs=16_lr=0$06_embedding_size=50_cnn_channels=1-16-16_cnn_kernels=2-2_cnn_strides=2-2_dropout_prob=0$5_l_w=0$05_l_b=0$08	0.016170465581457828	0.005904963319629872	0.022471286944618193	0.005407166123778502	0.02828449690013208	0.008855997005780184	0.10488599348534201
ConvMF_seed=42_e=10_bs=32_lr=0$05_embedding_size=100_cnn_channels=1-16-16_cnn_kernels=2-2_cnn_strides=2-2_dropout_prob=0$4_l_w=0$03_l_b=0$04	0.013418527085344741	0.004982095796889415	0.01911079302780677	0.004364820846905538	0.02236317545476388	0.007125930675618374	0.08664495114006515
EASER_neighborhood=1009_l2_norm=3$72	0.026620999781154318	0.010334324346205277	0.037323321071493235	0.008697068403908796	0.04522958764001109	0.014272482539558862	0.15960912052117263
