model	nDCG	MAP	MRR	Precision	Recall	F1	HR
GeneralizedMF_seed=42_e=15_bs=512_lr=0$5_mffactors=256_isedgeweighttrain=True	0.021948476440784702	0.004752914109201023	0.020884731636058643	0.004026058631921824	0.05069711015390264	0.007368304905479328	0.17850162866449512
NeuMF_seed=42_e=10_bs=256_lr=0$5_mffactors=256_drop=0_batch_eval=256_mftrain=True_mlptrain=True_m=8	0.02348334803705446	0.004773391689136273	0.022622125778084697	0.00431270358306189	0.055607465175390065	0.007906751536694815	0.19543973941368079
MultiVAE_seed=42_e=10_bs=256_intermediate_dim=800_latent_dim=400_reg_lambda=0$6_lr=0$6_dropout_pkeep=0$5	0.02318798242040855	0.0046888968942522475	0.02228269832270688	0.004247557003257329	0.05504027630201227	0.007790724837347616	0.19348534201954398
NGCF_seed=42_e=15_bs=512_lr=0$09_factors=64_l_w=0$4_weight_size=64_node_dropout=_message_dropout=0$4_n_fold=5	0.020836693499653582	0.004150689294563891	0.019500038582978774	0.00393485342019544	0.049481788569736444	0.007202650996434031	0.17133550488599347
MultiDAE_seed=42_e=5_bs=1024_intermediate_dim=600_latent_dim=200_reg_lambda=0$6_lr=0$7_dropout_pkeep=0$0	0.03071087205302383	0.006781655536419113	0.031284758543423136	0.005563517915309446	0.07047660382877857	0.010188855316909141	0.250814332247557
ConvNeuMF_seed=42_e=10_bs=16_lr=0$06_embedding_size=50_cnn_channels=1-16-16_cnn_kernels=2-2_cnn_strides=2-2_dropout_prob=0$5_l_w=0$05_l_b=0$08	0.025812221412036093	0.005295729583607698	0.02567724504428065	0.004677524429967427	0.06103668137870092	0.008584386360381648	0.21302931596091204
ConvMF_seed=42_e=10_bs=32_lr=0$05_embedding_size=100_cnn_channels=1-16-16_cnn_kernels=2-2_cnn_strides=2-2_dropout_prob=0$4_l_w=0$03_l_b=0$04	0.02348334803705446	0.004773391689136273	0.022622125778084697	0.00431270358306189	0.055607465175390065	0.007906751536694815	0.19543973941368079
EASER_neighborhood=1009_l2_norm=3$72	0.04097773201805331	0.008842630083643582	0.04187437928863244	0.0072833876221498365	0.09278177305864603	0.013358952137797586	0.30814332247557
