model	nDCG	MAP	MRR	Precision	Recall	F1	HR
GeneralizedMF_seed=42_e=15_bs=512_lr=0$5_mffactors=256_isedgeweighttrain=True	0.01025463211672875	0.005308050255932993	0.015580373300243009	0.005732899022801303	0.01497854299157231	0.008054855019942101	0.05472312703583062
NeuMF_seed=42_e=10_bs=256_lr=0$5_mffactors=256_drop=0_batch_eval=256_mftrain=True_mlptrain=True_m=8	0.009984967237659103	0.005455095393206143	0.016735432500904816	0.005016286644951139	0.013515907991861238	0.0070303102697895	0.0501628664495114
MultiVAE_seed=42_e=10_bs=256_intermediate_dim=800_latent_dim=400_reg_lambda=0$6_lr=0$6_dropout_pkeep=0$5	0.009935043384342725	0.005353394343622356	0.01654361201592472	0.005016286644951139	0.013515907991861238	0.0070303102697895	0.0501628664495114
NGCF_seed=42_e=15_bs=512_lr=0$09_factors=64_l_w=0$4_weight_size=64_node_dropout=_message_dropout=0$4_n_fold=5	0.009130866494807361	0.004799441600744533	0.014523551005635696	0.004755700325732899	0.01290085593017189	0.006762289253187893	0.046905537459283386
MultiDAE_seed=42_e=5_bs=1024_intermediate_dim=600_latent_dim=200_reg_lambda=0$6_lr=0$7_dropout_pkeep=0$0	0.014049075470749557	0.008160462230494804	0.023534460472571222	0.00749185667752443	0.019834289850576496	0.010491554914967345	0.07296416938110749
ConvNeuMF_seed=42_e=10_bs=16_lr=0$06_embedding_size=50_cnn_channels=1-16-16_cnn_kernels=2-2_cnn_strides=2-2_dropout_prob=0$5_l_w=0$05_l_b=0$08	0.011204880760842565	0.0064600847939610155	0.019207383279044518	0.0056677524429967424	0.015060516754327827	0.007962167111984076	0.05472312703583062
ConvMF_seed=42_e=10_bs=32_lr=0$05_embedding_size=100_cnn_channels=1-16-16_cnn_kernels=2-2_cnn_strides=2-2_dropout_prob=0$4_l_w=0$03_l_b=0$04	0.009984967237659103	0.005455095393206143	0.016735432500904816	0.005016286644951139	0.013515907991861238	0.0070303102697895	0.0501628664495114
EASER_neighborhood=1009_l2_norm=3$72	0.019776273727681926	0.011437929786463989	0.033261982317356914	0.010358306188925082	0.02720906129700918	0.01455785610256622	0.09902280130293159
