model	nDCG	MAP	MRR	Precision	Recall	F1	HR
NeuMF_seed=42_e=10_bs=256_lr=0$08_mffactors=256_drop=0$3_batch_eval=256_mftrain=True_mlptrain=True_m=8	0.0010582188317164473	0.00041748034650242855	0.0011531720995443392	0.00033648790746582547	0.001586049772169646	0.0005370141016828714	0.0033648790746582543
