model	nDCG	MAP	MRR	Precision	Recall	F1	HR
NeuMF_seed=42_e=10_bs=256_lr=0$08_mffactors=256_drop=0$3_batch_eval=256_mftrain=True_mlptrain=True_m=8	0.0031577900712516224	0.0004357879102497943	0.001921603200797409	0.0004206098843322818	0.009453788704577347	0.000788284521775261	0.02103049421661409
