model	nDCG	MAP	MRR	Precision	Recall	F1	HR
NeuMF_seed=42_e=10_bs=256_lr=0$08_mffactors=256_drop=0$3_batch_eval=256_mftrain=True_mlptrain=True_m=8	0.0018495420636320862	0.0004375204050419646	0.0015418476438732126	0.0004311251314405889	0.004131866205998698	0.0007518236236976237	0.008622502628811778
