model	nDCG	MAP	MRR	Precision	Recall	F1	HR
GeneralizedMF_seed=42_e=15_bs=512_lr=0$5_mffactors=256_isedgeweighttrain=True	0.022396689135412852	0.004604776416934366	0.025950927124826967	0.0036784565916398717	0.046518072852478	0.006745716403374162	0.16913183279742766
NeuMF_seed=42_e=10_bs=256_lr=0$5_mffactors=256_drop=0_batch_eval=256_mftrain=True_mlptrain=True_m=8	0.02503804088309201	0.004846296687285618	0.02806587507665435	0.004167202572347267	0.05426891793451279	0.007658595599057031	0.18971061093247588
MultiVAE_seed=42_e=10_bs=256_intermediate_dim=800_latent_dim=400_reg_lambda=0$6_lr=0$6_dropout_pkeep=0$5	0.02485124814747159	0.004771851219618528	0.02776200162527635	0.0041414790996784565	0.054054555662272706	0.007614032832784899	0.18842443729903538
NGCF_seed=42_e=15_bs=512_lr=0$09_factors=64_l_w=0$4_weight_size=64_node_dropout=_message_dropout=0$4_n_fold=5	0.020797790676948882	0.004351595001131827	0.01885611796635971	0.003922829581993569	0.04998687182770784	0.007192363014300862	0.17684887459807075
MultiDAE_seed=42_e=5_bs=1024_intermediate_dim=600_latent_dim=200_reg_lambda=0$6_lr=0$7_dropout_pkeep=0$0	0.04591033494009859	0.009427795395927632	0.04526198692943735	0.00802572347266881	0.10724089147722589	0.014784135484987127	0.34919614147909966
ConvNeuMF_seed=42_e=10_bs=16_lr=0$06_embedding_size=50_cnn_channels=1-16-16_cnn_kernels=2-2_cnn_strides=2-2_dropout_prob=0$5_l_w=0$05_l_b=0$08	0.023270360754147238	0.004604664984795231	0.0237908970968039	0.004282958199356914	0.054319086594006194	0.007841720923192661	0.1954983922829582
ConvMF_seed=42_e=10_bs=32_lr=0$05_embedding_size=100_cnn_channels=1-16-16_cnn_kernels=2-2_cnn_strides=2-2_dropout_prob=0$4_l_w=0$03_l_b=0$04	0.02503804088309201	0.004846296687285618	0.02806587507665435	0.004167202572347267	0.05426891793451279	0.007658595599057031	0.18971061093247588
EASER_neighborhood=1010_l2_norm=3$72	0.04502292062621778	0.009318933263819279	0.04610566857383208	0.007807073954983923	0.1014866189544646	0.014350375233910051	0.32540192926045014
