model	nDCG	MAP	MRR	Precision	Recall	F1	HR
GeneralizedMF_seed=42_e=15_bs=512_lr=0$5_mffactors=256_isedgeweighttrain=True	0.011341373189330838	0.006678022763231766	0.02068289695299342	0.0046945337620578785	0.012933213624531953	0.006697336037226335	0.04565916398713826
NeuMF_seed=42_e=10_bs=256_lr=0$5_mffactors=256_drop=0_batch_eval=256_mftrain=True_mlptrain=True_m=8	0.011957857657089161	0.00710723217475629	0.022363344051446948	0.004758842443729904	0.013192466697289847	0.006845411591959728	0.04630225080385852
MultiVAE_seed=42_e=10_bs=256_intermediate_dim=800_latent_dim=400_reg_lambda=0$6_lr=0$6_dropout_pkeep=0$5	0.011892105397506897	0.0070337365385596895	0.02218037054049916	0.004758842443729904	0.013192466697289847	0.006845411591959728	0.04630225080385852
NGCF_seed=42_e=15_bs=512_lr=0$09_factors=64_l_w=0$4_weight_size=64_node_dropout=_message_dropout=0$4_n_fold=5	0.008891143644128971	0.004917674679732557	0.013651814423518604	0.004951768488745982	0.01265309984763361	0.006928460133162397	0.04694533762057878
MultiDAE_seed=42_e=5_bs=1024_intermediate_dim=600_latent_dim=200_reg_lambda=0$6_lr=0$7_dropout_pkeep=0$0	0.020936555108679346	0.012059893839636605	0.035074771602102796	0.010546623794212218	0.02814185992642584	0.01493765776996654	0.1022508038585209
ConvNeuMF_seed=42_e=10_bs=16_lr=0$06_embedding_size=50_cnn_channels=1-16-16_cnn_kernels=2-2_cnn_strides=2-2_dropout_prob=0$5_l_w=0$05_l_b=0$08	0.009697104911167594	0.005910095442249782	0.017783902414127493	0.0045016077170418	0.011626369343411143	0.006260779235055763	0.044372990353697746
ConvMF_seed=42_e=10_bs=32_lr=0$05_embedding_size=100_cnn_channels=1-16-16_cnn_kernels=2-2_cnn_strides=2-2_dropout_prob=0$4_l_w=0$03_l_b=0$04	0.011957857657089161	0.00710723217475629	0.022363344051446948	0.004758842443729904	0.013192466697289847	0.006845411591959728	0.04630225080385852
EASER_neighborhood=1010_l2_norm=3$72	0.021257044936440265	0.012446103200122493	0.03663247078038075	0.01022508038585209	0.02737916602868371	0.0145032420108824	0.0977491961414791
