model	nDCG	MAP	MRR	Precision	Recall	F1	HR
GeneralizedMF_seed=42_e=15_bs=512_lr=0$5_mffactors=256_isedgeweighttrain=True	0.015534934784367096	0.005625558916244611	0.023524701436934026	0.004533762057877813	0.02380367756573544	0.007479637449548563	0.08810289389067524
NeuMF_seed=42_e=10_bs=256_lr=0$5_mffactors=256_drop=0_batch_eval=256_mftrain=True_mlptrain=True_m=8	0.015867638541846977	0.005818270220030247	0.024811379796397668	0.004308681672025723	0.023674039429666435	0.007155387402963544	0.08231511254019293
MultiVAE_seed=42_e=10_bs=256_intermediate_dim=800_latent_dim=400_reg_lambda=0$6_lr=0$6_dropout_pkeep=0$5	0.015738959633007803	0.005749957343721343	0.024557633570828796	0.004276527331189711	0.02354542206632239	0.007103940457625922	0.08167202572347267
NGCF_seed=42_e=15_bs=512_lr=0$09_factors=64_l_w=0$4_weight_size=64_node_dropout=_message_dropout=0$4_n_fold=5	0.012417990875687358	0.0047532869290868055	0.015985224105962162	0.004340836012861737	0.021797181917760693	0.0070835884069753744	0.08102893890675242
MultiDAE_seed=42_e=5_bs=1024_intermediate_dim=600_latent_dim=200_reg_lambda=0$6_lr=0$7_dropout_pkeep=0$0	0.029159489142568187	0.010840688835474954	0.04000677553669998	0.009421221864951767	0.050225855780518164	0.015547308927267522	0.17749196141479098
ConvNeuMF_seed=42_e=10_bs=16_lr=0$06_embedding_size=50_cnn_channels=1-16-16_cnn_kernels=2-2_cnn_strides=2-2_dropout_prob=0$5_l_w=0$05_l_b=0$08	0.013294852358995109	0.005148840058840258	0.02023246300983153	0.0040836012861736335	0.021015204873725775	0.006683719065841705	0.07909967845659165
ConvMF_seed=42_e=10_bs=32_lr=0$05_embedding_size=100_cnn_channels=1-16-16_cnn_kernels=2-2_cnn_strides=2-2_dropout_prob=0$4_l_w=0$03_l_b=0$04	0.015867638541846977	0.005818270220030247	0.024811379796397668	0.004308681672025723	0.023674039429666435	0.007155387402963544	0.08231511254019293
EASER_neighborhood=1010_l2_norm=3$72	0.029183894616508464	0.011049237606462129	0.04130863039305296	0.009067524115755628	0.04829093200475837	0.014982483626356083	0.16591639871382638
