model	nDCG	MAP	MRR	Precision	Recall	F1	HR
NeuMF_seed=42_e=10_bs=256_lr=0$5_mffactors=256_drop=0_batch_eval=256_mftrain=True_mlptrain=True_m=8	0.015867638541846977	0.005818270220030247	0.024811379796397668	0.004308681672025723	0.023674039429666435	0.007155387402963544	0.08231511254019293
