model	nDCG	MAP	MRR	Precision	Recall	F1	HR
NeuMF_seed=42_e=10_bs=256_lr=0$08_mffactors=256_drop=0$3_batch_eval=256_mftrain=True_mlptrain=True_m=8	0.0018551672507074314	0.0004760018178631209	0.0016223207737085799	0.0005044000858553338	0.004259293328836149	0.0008764108233111658	0.010088001717106675
