model	nDCG	MAP	MRR	Precision	Recall	F1	HR
NeuMF_seed=42_e=10_bs=256_lr=0$08_mffactors=256_drop=0$3_batch_eval=256_mftrain=True_mlptrain=True_m=8	0.0030856720055467903	0.0004639106236341588	0.001956547875051683	0.00042927666881305	0.00931317555593151	0.0008061386204161216	0.021249195106245976
