model	nDCG	MAP	MRR	Precision	Recall	F1	HR
NeuMF_seed=42_e=10_bs=256_lr=0$08_mffactors=256_drop=0$3_batch_eval=256_mftrain=True_mlptrain=True_m=8	0.0010633305238036076	0.0004081024267759619	0.001174378315395701	0.00040781283537239747	0.0019013379122844675	0.0006419070424221743	0.004078128353723975
