model	nDCG	MAP	MRR	Precision	Recall	F1	HR
NeuMF_seed=42_e=10_bs=256_lr=0$5_mffactors=256_drop=0_batch_eval=256_mftrain=True_mlptrain=True_m=8	0.0009499259341333711	0.00034908687846174776	0.0010680186772597394	0.0003136107045787163	0.0016203219736567007	0.0005010321757133382	0.003136107045787163
