model	nDCG	MAP	MRR	Precision	Recall	F1	HR
GeneralizedMF_seed=42_e=15_bs=512_lr=0$5_mffactors=256_isedgeweighttrain=True	0.022110263126400458	0.0046950661998787615	0.024200422624516812	0.003850611719253059	0.050131384677424604	0.0070639194828590445	0.18351577591757887
NeuMF_seed=42_e=10_bs=256_lr=0$5_mffactors=256_drop=0_batch_eval=256_mftrain=True_mlptrain=True_m=8	0.02288187971685172	0.004695934106524275	0.025476079646279133	0.0038634900193174502	0.04877228731060025	0.007064473082520916	0.17385705086928527
MultiVAE_seed=42_e=10_bs=256_intermediate_dim=800_latent_dim=400_reg_lambda=0$6_lr=0$6_dropout_pkeep=0$5	0.022667863174296452	0.0046224567707193335	0.025228626130980956	0.003811976819059884	0.048468216336857675	0.006977049411947891	0.17321313586606568
NGCF_seed=42_e=15_bs=512_lr=0$09_factors=64_l_w=0$4_weight_size=64_node_dropout=_message_dropout=0$4_n_fold=5	0.02289666470565639	0.004756062813649338	0.021363132755136936	0.0044172569220862845	0.05569763283865022	0.008101318010108391	0.20669671603348358
MultiDAE_seed=42_e=5_bs=1024_intermediate_dim=600_latent_dim=200_reg_lambda=0$6_lr=0$7_dropout_pkeep=0$0	0.03356101927593898	0.007106872472457333	0.033610736879231905	0.006078557630392789	0.07708391987207183	0.011137050623153648	0.2601416613007083
ConvNeuMF_seed=42_e=10_bs=16_lr=0$06_embedding_size=50_cnn_channels=1-16-16_cnn_kernels=2-2_cnn_strides=2-2_dropout_prob=0$5_l_w=0$05_l_b=0$08	0.023017974692515847	0.004735202687829226	0.02574437756428729	0.003876368319381841	0.04893326606140514	0.007088321786343861	0.17450096587250483
ConvMF_seed=42_e=10_bs=32_lr=0$05_embedding_size=100_cnn_channels=1-16-16_cnn_kernels=2-2_cnn_strides=2-2_dropout_prob=0$4_l_w=0$03_l_b=0$04	0.02288187971685172	0.004695934106524275	0.025476079646279133	0.0038634900193174502	0.04877228731060025	0.007064473082520916	0.17385705086928527
EASER_neighborhood=1026_l2_norm=3$72	0.04335745238352047	0.008896431878362393	0.041589413334099413	0.007701223438506117	0.09913481738980773	0.01414010499220061	0.3264649066323245
