model	nDCG	MAP	MRR	Precision	Recall	F1	HR
GeneralizedMF_seed=42_e=15_bs=512_lr=0$5_mffactors=256_isedgeweighttrain=True	0.010292954383063706	0.005931198192949641	0.01862013103159272	0.005215711526078559	0.013484932110173578	0.0073099975329057555	0.051513200257566
NeuMF_seed=42_e=10_bs=256_lr=0$5_mffactors=256_drop=0_batch_eval=256_mftrain=True_mlptrain=True_m=8	0.011265202772812958	0.006473849896258138	0.020174470303253304	0.00489375402446877	0.013179560298040658	0.006888221518698035	0.04700579523502898
MultiVAE_seed=42_e=10_bs=256_intermediate_dim=800_latent_dim=400_reg_lambda=0$6_lr=0$6_dropout_pkeep=0$5	0.011217336889096536	0.006381121025357986	0.020040321344249226	0.00489375402446877	0.013179560298040658	0.006888221518698035	0.04700579523502898
NGCF_seed=42_e=15_bs=512_lr=0$09_factors=64_l_w=0$4_weight_size=64_node_dropout=_message_dropout=0$4_n_fold=5	0.009036848542696766	0.005007972280992242	0.014969746215721747	0.005086928525434643	0.012768425678921494	0.007107252102308111	0.050225370251126854
MultiDAE_seed=42_e=5_bs=1024_intermediate_dim=600_latent_dim=200_reg_lambda=0$6_lr=0$7_dropout_pkeep=0$0	0.015588853714080341	0.009137409417512444	0.026331524238800474	0.008177720540888602	0.020745329293300956	0.011342315767138192	0.07791371538956858
ConvNeuMF_seed=42_e=10_bs=16_lr=0$06_embedding_size=50_cnn_channels=1-16-16_cnn_kernels=2-2_cnn_strides=2-2_dropout_prob=0$5_l_w=0$05_l_b=0$08	0.011401297748477084	0.006569082881059699	0.02044276822126146	0.004958145524790727	0.013340539048845551	0.006980209376300833	0.04764971023824855
ConvMF_seed=42_e=10_bs=32_lr=0$05_embedding_size=100_cnn_channels=1-16-16_cnn_kernels=2-2_cnn_strides=2-2_dropout_prob=0$4_l_w=0$03_l_b=0$04	0.011265202772812958	0.006473849896258138	0.020174470303253304	0.00489375402446877	0.013179560298040658	0.006888221518698035	0.04700579523502898
EASER_neighborhood=1026_l2_norm=3$72	0.020102107776091695	0.010892767710217808	0.03173555535113809	0.00978750804893754	0.027466552192888315	0.014099589546143603	0.09401159047005796
