model	nDCG	MAP	MRR	Precision	Recall	F1	HR
GeneralizedMF_seed=42_e=15_bs=512_lr=0$5_mffactors=256_isedgeweighttrain=True	0.014785126350305992	0.005495605243818031	0.021481752588503933	0.004764971023824855	0.025612253525968912	0.00787100421774449	0.0927237604636188
NeuMF_seed=42_e=10_bs=256_lr=0$5_mffactors=256_drop=0_batch_eval=256_mftrain=True_mlptrain=True_m=8	0.015019658041064662	0.005581911107885503	0.022669394887079027	0.00437862202189311	0.022872037456712273	0.007171079081341237	0.08306503541532517
MultiVAE_seed=42_e=10_bs=256_intermediate_dim=800_latent_dim=400_reg_lambda=0$6_lr=0$6_dropout_pkeep=0$5	0.01484497114732213	0.005489745463762098	0.022445859418093326	0.004314230521571153	0.02258585301083691	0.0070706785411091	0.0824211204121056
NGCF_seed=42_e=15_bs=512_lr=0$09_factors=64_l_w=0$4_weight_size=64_node_dropout=_message_dropout=0$4_n_fold=5	0.01339575296507367	0.005009872308357314	0.01792492682199312	0.004861558274307792	0.02387519291897914	0.007929209443956597	0.09336767546683837
MultiDAE_seed=42_e=5_bs=1024_intermediate_dim=600_latent_dim=200_reg_lambda=0$6_lr=0$7_dropout_pkeep=0$0	0.02061930178184342	0.008173777397890969	0.029502801049084183	0.006793303283966517	0.03375399194781036	0.011041619558147496	0.12491951062459755
ConvNeuMF_seed=42_e=10_bs=16_lr=0$06_embedding_size=50_cnn_channels=1-16-16_cnn_kernels=2-2_cnn_strides=2-2_dropout_prob=0$5_l_w=0$05_l_b=0$08	0.015155753016728786	0.005651059197297727	0.022937692805087184	0.004410817772054089	0.02303301620751717	0.007224738664942869	0.08370895041854476
ConvMF_seed=42_e=10_bs=32_lr=0$05_embedding_size=100_cnn_channels=1-16-16_cnn_kernels=2-2_cnn_strides=2-2_dropout_prob=0$4_l_w=0$03_l_b=0$04	0.015019658041064662	0.005581911107885503	0.022669394887079027	0.00437862202189311	0.022872037456712273	0.007171079081341237	0.08306503541532517
EASER_neighborhood=1026_l2_norm=3$72	0.027570828259596305	0.010021140431454334	0.036578427591253064	0.0087894397939472	0.04686707011240173	0.01453029444432128	0.16613007083065034
