model	nDCG	MAP	MRR	Precision	Recall	F1	HR
NeuMF_seed=42_e=10_bs=256_lr=0$08_mffactors=256_drop=0$3_batch_eval=256_mftrain=True_mlptrain=True_m=8	0.0010647739751393538	0.0003913148663360349	0.0010656492345738748	0.0004022015241320915	0.002000423370025402	0.0006481857826057657	0.004022015241320914
