model	nDCG	MAP	MRR	Precision	Recall	F1	HR
GeneralizedMF_seed=42_e=15_bs=512_lr=0$07_mffactors=256_isedgeweighttrain=True	0.009370881688554992	0.0012749598423794223	0.006774556654724336	0.0010498125334761652	0.026272775627995577	0.001992540799747635	0.05115158007498661
NeuMF_seed=42_e=10_bs=256_lr=0$08_mffactors=256_drop=0$3_batch_eval=256_mftrain=True_mlptrain=True_m=8	0.0045210121466191305	0.0007600018231121987	0.0032536647655824363	0.0005677557579003749	0.01289933680836621	0.0010665996714590165	0.02785216925549009
MultiVAE_seed=42_e=10_bs=256_intermediate_dim=800_latent_dim=400_reg_lambda=0$6_lr=0$09_dropout_pkeep=0$5	0.00846768522744846	0.0013207862033995405	0.00545081082235353	0.0010283877878950187	0.024527770401143855	0.0019383274526842405	0.04847348687734333
MultiDAE_seed=42_e=5_bs=1024_intermediate_dim=600_latent_dim=200_reg_lambda=0$6_lr=0$08_dropout_pkeep=0$0	0.011014062680004828	0.0016130228455792414	0.011266397498029873	0.0009855382967327263	0.023398517826046298	0.0018633072106799251	0.04793786823781468
ConvNeuMF_seed=42_e=10_bs=16_lr=0$06_embedding_size=50_cnn_channels=1-16-16_cnn_kernels=2-2_cnn_strides=2-2_dropout_prob=0$5_l_w=0$07_l_b=0$06	0.005126041157284687	0.0007037085919126274	0.0043788829258945	0.0005838243170862347	0.01369474804630324	0.001102214098972116	0.02919121585431173
ConvMF_seed=42_e=10_bs=32_lr=0$07_embedding_size=100_cnn_channels=1-16-16_cnn_kernels=2-2_cnn_strides=2-2_dropout_prob=0$4_l_w=0$05_l_b=0$03	0.0045210121466191305	0.0007600018231121987	0.0032536647655824363	0.0005677557579003749	0.01289933680836621	0.0010665996714590165	0.02785216925549009
NGCF_seed=42_e=15_bs=512_lr=0$09_factors=64_l_w=0$4_weight_size=64_node_dropout=_message_dropout=0$4_n_fold=5	0.004902094233446876	0.000684088296104092	0.004088104836810403	0.0005356186395286556	0.013610674423475707	0.00101029977616497	0.026513122656668452
EASER_neighborhood=3038_l2_norm=3$72	0.06594798681385175	0.010161430214546296	0.069481903599863	0.00507230851633637	0.12451679109635816	0.009612410791825473	0.22388859132297803
