model	nDCG	MAP	MRR	Precision	Recall	F1	HR
NeuMF_seed=42_e=10_bs=256_lr=0$08_mffactors=256_drop=0$3_batch_eval=256_mftrain=True_mlptrain=True_m=8	0.0045210121466191305	0.0007600018231121987	0.0032536647655824363	0.0005677557579003749	0.01289933680836621	0.0010665996714590165	0.02785216925549009
