model	nDCG	MAP	MRR	Precision	Recall	F1	HR
NeuMF_seed=42_e=10_bs=256_lr=0$08_mffactors=256_drop=0$3_batch_eval=256_mftrain=True_mlptrain=True_m=8	0.001946603631926812	0.00045610024563340476	0.0015077661600718883	0.0005080440304826419	0.004759384702229749	0.0008946052168450285	0.010160880609652836
