model	nDCG	MAP	MRR	Precision	Recall	F1	HR
NeuMF_seed=42_e=10_bs=256_lr=0$08_mffactors=256_drop=0$3_batch_eval=256_mftrain=True_mlptrain=True_m=8	0.0019225122045499628	0.0009072784621793728	0.00229869666131048	0.0008034279592929834	0.003382580491578885	0.0012189656072493227	0.008034279592929834
