model	nDCG	MAP	MRR	Precision	Recall	F1	HR
GeneralizedMF_seed=42_e=10_bs=512_lr=0$5_mffactors=256_isedgeweighttrain=True	0.004604817878569831	0.0005820763092563872	0.0025774147078920424	0.00043854100780096986	0.01372558146751695	0.0008388867842558484	0.021927050390048494
NeuMF_seed=42_e=10_bs=256_lr=0$5_mffactors=256_drop=0_batch_eval=256_mftrain=True_mlptrain=True_m=8	0.004670220027158374	0.0005706433431837184	0.0019975491641980986	0.0005186590765338394	0.016381929801983733	0.000990331403117731	0.025932953826691967
MultiVAE_seed=42_e=10_bs=256_intermediate_dim=800_latent_dim=400_reg_lambda=0$6_lr=0$6_dropout_pkeep=0$5	0.00466940369422438	0.0005700499649381796	0.0019964422596928035	0.0005186590765338394	0.016381929801983733	0.000990331403117731	0.025932953826691967
NGCF_seed=42_e=15_bs=512_lr=0$09_factors=64_l_w=0$4_weight_size=64_node_dropout=_message_dropout=0$4_n_fold=5	0.00407074117531643	0.0004873620745426491	0.002662368668674526	0.00043432426734134517	0.012288164734151617	0.0008244057363326207	0.021716213367067257
MultiDAE_seed=42_e=5_bs=1024_intermediate_dim=600_latent_dim=200_reg_lambda=0$6_lr=0$7_dropout_pkeep=0$0	0.0251880493007868	0.003368952666989635	0.015121737860128761	0.002677630191861691	0.07506530625392771	0.005073556379739198	0.12460468058191018
ConvNeuMF_seed=42_e=10_bs=16_lr=0$05_embedding_size=50_cnn_channels=1-16-16_cnn_kernels=2-2_cnn_strides=2-2_dropout_prob=0$5_l_w=0$08_l_b=0$07	0.006829259998037524	0.0008870344969664102	0.004562915138416049	0.0007885304659498208	0.021708949681751705	0.001485648576314686	0.03900484925152857
ConvMF_seed=42_e=10_bs=32_lr=0$05_embedding_size=100_cnn_channels=1-32-32_cnn_kernels=2-2_cnn_strides=2-2_dropout_prob=0$4_l_w=0$03_l_b=0$04	0.004670220027158374	0.0005706433431837184	0.0019975491641980986	0.0005186590765338394	0.016381929801983733	0.000990331403117731	0.025932953826691967
EASER_neighborhood=3746_l2_norm=3$72	0.027705387108427224	0.003943783253192793	0.019269799737195357	0.00283786632932743	0.07742004932074507	0.00536576079382017	0.12966476913345984
