model	nDCG	MAP	MRR	Precision	Recall	F1	HR
GeneralizedMF_seed=42_e=10_bs=512_lr=0$5_mffactors=256_isedgeweighttrain=True	0.005221739909642458	0.0006288042871397686	0.0027722284480156357	0.0005298289528577389	0.01659424569311928	0.0010147023818586603	0.026282853566958697
NeuMF_seed=42_e=10_bs=256_lr=0$5_mffactors=256_drop=0_batch_eval=256_mftrain=True_mlptrain=True_m=8	0.005020534804909101	0.00060171692401262	0.0021732611981288333	0.0005757196495619524	0.017488882111601302	0.0010958096029203752	0.028785982478097622
MultiVAE_seed=42_e=10_bs=256_intermediate_dim=800_latent_dim=400_reg_lambda=0$6_lr=0$6_dropout_pkeep=0$5	0.005004289679920596	0.0006003532307920682	0.0021665400649996903	0.0005715477680433876	0.01743673359261924	0.0010880838964045145	0.02857738840216938
NGCF_seed=42_e=15_bs=512_lr=0$09_factors=64_l_w=0$4_weight_size=64_node_dropout=_message_dropout=0$4_n_fold=5	0.004269076005744015	0.0004908063636185488	0.0027269782271577133	0.00041301627033792245	0.012446609849613604	0.000786756633944558	0.020442219440967878
MultiDAE_seed=42_e=5_bs=1024_intermediate_dim=600_latent_dim=200_reg_lambda=0$6_lr=0$7_dropout_pkeep=0$0	0.02371662378413416	0.0030498444509940844	0.014343339638167429	0.0024196912807676265	0.07159383488388493	0.004593833186848702	0.11451814768460576
ConvNeuMF_seed=42_e=10_bs=16_lr=0$05_embedding_size=50_cnn_channels=1-16-16_cnn_kernels=2-2_cnn_strides=2-2_dropout_prob=0$5_l_w=0$08_l_b=0$07	0.008579272479934952	0.0010485827993157674	0.005368854748139252	0.0008969545264914478	0.026295088884015834	0.0017060227705033408	0.04380475594493116
ConvMF_seed=42_e=10_bs=32_lr=0$05_embedding_size=100_cnn_channels=1-32-32_cnn_kernels=2-2_cnn_strides=2-2_dropout_prob=0$4_l_w=0$03_l_b=0$04	0.005020534804909101	0.00060171692401262	0.0021732611981288333	0.0005757196495619524	0.017488882111601302	0.0010958096029203752	0.028785982478097622
EASER_neighborhood=3772_l2_norm=3$72	0.02938735475640467	0.003927407782494776	0.02047717311837894	0.0029244889445139755	0.07987063564718198	0.005533300607653013	0.13600333750521484
