model	nDCG	MAP	MRR	Precision	Recall	F1	HR
GeneralizedMF_seed=42_e=15_bs=512_lr=0$5_mffactors=256_isedgeweighttrain=True	0.009481351624868526	0.00581567396519165	0.01781478078905732	0.0045016077170418	0.011689634052978104	0.006335416071909756	0.04501607717041801
NeuMF_seed=42_e=10_bs=256_lr=0$5_mffactors=256_drop=0_batch_eval=256_mftrain=True_mlptrain=True_m=8	0.010716336182018628	0.0067330934517429684	0.021666156280304192	0.005016077170418007	0.012335272801510744	0.006932778562396394	0.05016077170418006
MultiVAE_seed=42_e=10_bs=256_intermediate_dim=800_latent_dim=400_reg_lambda=0$6_lr=0$6_dropout_pkeep=0$5	0.010597008941480485	0.006674322462103813	0.02147756851936916	0.004887459807073955	0.012156637574644006	0.006784699361177914	0.04887459807073955
NGCF_seed=42_e=15_bs=512_lr=0$09_factors=64_l_w=0$4_weight_size=64_node_dropout=_message_dropout=0$4_n_fold=5	0.008920375054471496	0.004992573878425969	0.01412519777471546	0.005273311897106109	0.013763380242479922	0.007330068416447121	0.05144694533762058
MultiDAE_seed=42_e=5_bs=1024_intermediate_dim=600_latent_dim=200_reg_lambda=0$6_lr=0$7_dropout_pkeep=0$0	0.016131386416477746	0.008463481855764815	0.02339585566273669	0.009710610932475884	0.025634711840499622	0.013666736638295478	0.09389067524115756
ConvNeuMF_seed=42_e=10_bs=16_lr=0$06_embedding_size=50_cnn_channels=1-16-16_cnn_kernels=2-2_cnn_strides=2-2_dropout_prob=0$5_l_w=0$05_l_b=0$08	0.011522140838500542	0.006740136783545144	0.020345021181034043	0.005337620578778135	0.014348770200860233	0.007556916237045253	0.052733118971061095
ConvMF_seed=42_e=10_bs=32_lr=0$05_embedding_size=100_cnn_channels=1-16-16_cnn_kernels=2-2_cnn_strides=2-2_dropout_prob=0$4_l_w=0$03_l_b=0$04	0.010716336182018628	0.0067330934517429684	0.021666156280304192	0.005016077170418007	0.012335272801510744	0.006932778562396394	0.05016077170418006
EASER_neighborhood=1032_l2_norm=3$72	0.020283231586489852	0.011164446485989896	0.03304266829990302	0.010803858520900322	0.028719185423365486	0.015209008486262526	0.10353697749196142
