model	nDCG	MAP	MRR	Precision	Recall	F1	HR
NeuMF_seed=42_e=10_bs=256_lr=0$5_mffactors=256_drop=0_batch_eval=256_mftrain=True_mlptrain=True_m=8	0.010716336182018628	0.0067330934517429684	0.021666156280304192	0.005016077170418007	0.012335272801510744	0.006932778562396394	0.05016077170418006
