model	nDCG	MAP	MRR	Precision	Recall	F1	HR
NeuMF_seed=42_e=10_bs=256_lr=0$5_mffactors=256_drop=0_batch_eval=256_mftrain=True_mlptrain=True_m=8	0.02307941858694969	0.004773761019052669	0.026994625277141398	0.004102893890675241	0.050939412498898023	0.007506756119555042	0.18713826366559486
