model	nDCG	MAP	MRR	Precision	Recall	F1	HR
GeneralizedMF_seed=42_e=15_bs=512_lr=0$5_mffactors=256_isedgeweighttrain=True	0.020837147084477536	0.004503182034772665	0.023281418929594334	0.0035884244372990353	0.04627881942994483	0.006586656839796252	0.16591639871382638
NeuMF_seed=42_e=10_bs=256_lr=0$5_mffactors=256_drop=0_batch_eval=256_mftrain=True_mlptrain=True_m=8	0.02307941858694969	0.004773761019052669	0.026994625277141398	0.004102893890675241	0.050939412498898023	0.007506756119555042	0.18713826366559486
MultiVAE_seed=42_e=10_bs=256_intermediate_dim=800_latent_dim=400_reg_lambda=0$6_lr=0$6_dropout_pkeep=0$5	0.02287003116587151	0.004699556084478306	0.02678563453442697	0.004051446945337621	0.05055940665265424	0.007416769146957771	0.18520900321543407
NGCF_seed=42_e=15_bs=512_lr=0$09_factors=64_l_w=0$4_weight_size=64_node_dropout=_message_dropout=0$4_n_fold=5	0.02118186030964771	0.0044870046367471985	0.01931099818853406	0.004077170418006431	0.05207245416248631	0.007474990744679496	0.18263665594855305
MultiDAE_seed=42_e=5_bs=1024_intermediate_dim=600_latent_dim=200_reg_lambda=0$6_lr=0$7_dropout_pkeep=0$0	0.03550756855492993	0.007822570382698062	0.031719796452304494	0.006739549839228296	0.08546078608779574	0.012351208024055094	0.29517684887459805
ConvNeuMF_seed=42_e=10_bs=16_lr=0$06_embedding_size=50_cnn_channels=1-16-16_cnn_kernels=2-2_cnn_strides=2-2_dropout_prob=0$5_l_w=0$05_l_b=0$08	0.026732910194656387	0.005336338261149393	0.026909717506555565	0.004861736334405145	0.061865877959125536	0.008906613104134856	0.21543408360128619
ConvMF_seed=42_e=10_bs=32_lr=0$05_embedding_size=100_cnn_channels=1-16-16_cnn_kernels=2-2_cnn_strides=2-2_dropout_prob=0$4_l_w=0$03_l_b=0$04	0.02307941858694969	0.004773761019052669	0.026994625277141398	0.004102893890675241	0.050939412498898023	0.007506756119555042	0.18713826366559486
EASER_neighborhood=1032_l2_norm=3$72	0.04333640779090447	0.009317743576616067	0.04244732064263687	0.007704180064308682	0.10017868162562694	0.014142903880034668	0.32282958199356915
