model	nDCG	MAP	MRR	Precision	Recall	F1	HR
GeneralizedMF_seed=42_e=15_bs=512_lr=0$5_mffactors=256_isedgeweighttrain=True	0.014027114070137995	0.005327019563470939	0.020837862892132054	0.004533762057877814	0.023385392742305926	0.00744352671396063	0.08681672025723473
NeuMF_seed=42_e=10_bs=256_lr=0$5_mffactors=256_drop=0_batch_eval=256_mftrain=True_mlptrain=True_m=8	0.013514483450172107	0.00546879096152637	0.023446268421256723	0.003987138263665596	0.019696575307507784	0.006502811789662738	0.07781350482315112
MultiVAE_seed=42_e=10_bs=256_intermediate_dim=800_latent_dim=400_reg_lambda=0$6_lr=0$6_dropout_pkeep=0$5	0.013374062164671423	0.005413202842859	0.02328676432369204	0.00392282958199357	0.019401827183177667	0.006400956424281579	0.07652733118971061
NGCF_seed=42_e=15_bs=512_lr=0$09_factors=64_l_w=0$4_weight_size=64_node_dropout=_message_dropout=0$4_n_fold=5	0.012517777516941256	0.004807658888485245	0.01631163876534846	0.004469453376205789	0.023336442050268417	0.007338419638717577	0.08488745980707396
MultiDAE_seed=42_e=5_bs=1024_intermediate_dim=600_latent_dim=200_reg_lambda=0$6_lr=0$7_dropout_pkeep=0$0	0.023026884601573178	0.00866797428503027	0.027733956267573974	0.008553054662379421	0.04344239361924249	0.013982042543585598	0.1594855305466238
ConvNeuMF_seed=42_e=10_bs=16_lr=0$06_embedding_size=50_cnn_channels=1-16-16_cnn_kernels=2-2_cnn_strides=2-2_dropout_prob=0$5_l_w=0$05_l_b=0$08	0.016028312162328705	0.005891631191532638	0.023264690113514938	0.005080385852090032	0.026111605436364278	0.008321790264148435	0.09710610932475884
ConvMF_seed=42_e=10_bs=32_lr=0$05_embedding_size=100_cnn_channels=1-16-16_cnn_kernels=2-2_cnn_strides=2-2_dropout_prob=0$4_l_w=0$03_l_b=0$04	0.013514483450172107	0.00546879096152637	0.023446268421256723	0.003987138263665596	0.019696575307507784	0.006502811789662738	0.07781350482315112
EASER_neighborhood=1032_l2_norm=3$72	0.02860557855174944	0.010578738636432284	0.03795560886352102	0.009710610932475884	0.050711478589292085	0.015930264943543677	0.17749196141479098
