model	nDCG	MAP	MRR	Precision	Recall	F1	HR
GeneralizedMF_seed=42_e=15_bs=512_lr=0$5_mffactors=256_isedgeweighttrain=True	0.01594140313465194	0.005904345460662219	0.02211553299113053	0.004892367906066536	0.02670813096449104	0.008082764922008958	0.09393346379647749
NeuMF_seed=42_e=10_bs=256_lr=0$5_mffactors=256_drop=0_batch_eval=256_mftrain=True_mlptrain=True_m=8	0.016870925117626383	0.006171570434042185	0.025377842228944597	0.005055446836268754	0.02703775984108665	0.008319279710169393	0.09915198956294846
MultiVAE_seed=42_e=10_bs=256_intermediate_dim=800_latent_dim=400_reg_lambda=0$6_lr=0$6_dropout_pkeep=0$5	0.016601617708535812	0.00610303387775624	0.02516765171427613	0.00492498369210698	0.026412623941978148	0.008107243337152846	0.09719504240052185
NGCF_seed=42_e=15_bs=512_lr=0$09_factors=64_l_w=0$4_weight_size=64_node_dropout=_message_dropout=0$4_n_fold=5	0.013710138844810359	0.0047436578668061885	0.01675531363010536	0.004827136333985649	0.02564835324130823	0.007952766944320582	0.09262883235485975
MultiDAE_seed=42_e=5_bs=1024_intermediate_dim=600_latent_dim=200_reg_lambda=0$6_lr=0$7_dropout_pkeep=0$0	0.026454890046910245	0.010721737460269932	0.03906007185961201	0.007599478147423353	0.04086756361707438	0.012584714640002808	0.1415525114155251
ConvNeuMF_seed=42_e=10_bs=16_lr=0$06_embedding_size=50_cnn_channels=1-16-16_cnn_kernels=2-2_cnn_strides=2-2_dropout_prob=0$5_l_w=0$05_l_b=0$08	0.016780945686657573	0.006239623892506603	0.025641639459473727	0.005022831050228311	0.026885552839564574	0.008265087327209887	0.09849967384213959
ConvMF_seed=42_e=10_bs=32_lr=0$05_embedding_size=100_cnn_channels=1-16-16_cnn_kernels=2-2_cnn_strides=2-2_dropout_prob=0$4_l_w=0$03_l_b=0$04	0.016870925117626383	0.006171570434042185	0.025377842228944597	0.005055446836268754	0.02703775984108665	0.008319279710169393	0.09915198956294846
EASER_neighborhood=991_l2_norm=3$72	0.03024619716861743	0.010999378246527648	0.03885071410525355	0.00984996738421396	0.054083145961815245	0.01635992631494147	0.18134377038486627
