model	nDCG	MAP	MRR	Precision	Recall	F1	HR
GeneralizedMF_seed=42_e=15_bs=512_lr=0$5_mffactors=256_isedgeweighttrain=True	0.022713249601631763	0.004768209946182928	0.024481284747446045	0.0038095238095238095	0.04949904230726149	0.0069845135983914	0.1761252446183953
NeuMF_seed=42_e=10_bs=256_lr=0$5_mffactors=256_drop=0_batch_eval=256_mftrain=True_mlptrain=True_m=8	0.024979485500490516	0.005245082080004905	0.02823212058054275	0.004174820613176778	0.05351827722179973	0.007647594067666032	0.18917155903457272
MultiVAE_seed=42_e=10_bs=256_intermediate_dim=800_latent_dim=400_reg_lambda=0$6_lr=0$6_dropout_pkeep=0$5	0.02466269332054627	0.005169832768754164	0.027995044910304745	0.004083496412263536	0.052823031321074375	0.007489300307041626	0.18590998043052837
NGCF_seed=42_e=15_bs=512_lr=0$09_factors=64_l_w=0$4_weight_size=64_node_dropout=_message_dropout=0$4_n_fold=5	0.022054215647017327	0.00447251869079614	0.0196665683049041	0.004109589041095891	0.0539525135660165	0.007554969439787009	0.19047619047619047
MultiDAE_seed=42_e=5_bs=1024_intermediate_dim=600_latent_dim=200_reg_lambda=0$6_lr=0$7_dropout_pkeep=0$0	0.04256663674409155	0.008753906563855215	0.04432061018259313	0.007201565557729942	0.09489169777819484	0.013256790425771808	0.31180691454664056
ConvNeuMF_seed=42_e=10_bs=16_lr=0$06_embedding_size=50_cnn_channels=1-16-16_cnn_kernels=2-2_cnn_strides=2-2_dropout_prob=0$5_l_w=0$05_l_b=0$08	0.024980724415335966	0.0052833750298274	0.02853765227888316	0.004187866927592955	0.05361612457992106	0.0076704831642668055	0.18917155903457272
ConvMF_seed=42_e=10_bs=32_lr=0$05_embedding_size=100_cnn_channels=1-16-16_cnn_kernels=2-2_cnn_strides=2-2_dropout_prob=0$4_l_w=0$03_l_b=0$04	0.024979485500490516	0.005245082080004905	0.02823212058054275	0.004174820613176778	0.05351827722179973	0.007647594067666032	0.18917155903457272
EASER_neighborhood=991_l2_norm=3$72	0.046005667551441795	0.00965782416125558	0.04361378446306114	0.007840834964122636	0.10776019479541984	0.014486009384836388	0.3333333333333333
