model	nDCG	MAP	MRR	Precision	Recall	F1	HR
GeneralizedMF_seed=42_e=15_bs=512_lr=0$5_mffactors=256_isedgeweighttrain=True	0.012281303194112775	0.006588595864525415	0.019787169053313867	0.006066536203522505	0.016876064429880475	0.008646511106346802	0.05870841487279843
NeuMF_seed=42_e=10_bs=256_lr=0$5_mffactors=256_drop=0_batch_eval=256_mftrain=True_mlptrain=True_m=8	0.012025998590931718	0.007076745462264053	0.022178475652056863	0.0052837573385518585	0.014202412612393042	0.007394788059068756	0.05283757338551859
MultiVAE_seed=42_e=10_bs=256_intermediate_dim=800_latent_dim=400_reg_lambda=0$6_lr=0$6_dropout_pkeep=0$5	0.011927158692309477	0.0070170533967011455	0.022047235941560793	0.005218525766470972	0.014039333682190824	0.007301600098953203	0.05218525766470972
NGCF_seed=42_e=15_bs=512_lr=0$09_factors=64_l_w=0$4_weight_size=64_node_dropout=_message_dropout=0$4_n_fold=5	0.00956298534046138	0.004878104971059961	0.014103997763488956	0.005153294194390085	0.014652512450946892	0.007433323590406466	0.0502283105022831
MultiDAE_seed=42_e=5_bs=1024_intermediate_dim=600_latent_dim=200_reg_lambda=0$6_lr=0$7_dropout_pkeep=0$0	0.021637851809809178	0.012888024311703373	0.03622474865136313	0.010241356816699285	0.028346961076902367	0.014682823222827105	0.09980430528375733
ConvNeuMF_seed=42_e=10_bs=16_lr=0$06_embedding_size=50_cnn_channels=1-16-16_cnn_kernels=2-2_cnn_strides=2-2_dropout_prob=0$5_l_w=0$05_l_b=0$08	0.012039377911537637	0.0071937998943869775	0.022516540862920507	0.005348988910632746	0.014311131899194522	0.007476327524169865	0.05348988910632746
ConvMF_seed=42_e=10_bs=32_lr=0$05_embedding_size=100_cnn_channels=1-16-16_cnn_kernels=2-2_cnn_strides=2-2_dropout_prob=0$4_l_w=0$03_l_b=0$04	0.012025998590931718	0.007076745462264053	0.022178475652056863	0.0052837573385518585	0.014202412612393042	0.007394788059068756	0.05283757338551859
EASER_neighborhood=991_l2_norm=3$72	0.021398482028039092	0.011820815084024477	0.03357898715041572	0.010828440965427268	0.030516687414926164	0.015580277392412044	0.10306588388780169
