model	nDCG	MAP	MRR	Precision	Recall	F1	HR
GeneralizedMF_seed=42_e=15_bs=512_lr=0$5_mffactors=256_isedgeweighttrain=True	0.021189823581126255	0.004641372351991429	0.022955586691385112	0.0038107416879795404	0.048860776194535785	0.006993704635529036	0.16879795396419436
NeuMF_seed=42_e=10_bs=256_lr=0$5_mffactors=256_drop=0_batch_eval=256_mftrain=True_mlptrain=True_m=8	0.02383354605365745	0.0047251442901246835	0.026421168407861035	0.0042583120204603584	0.054869991474850804	0.007819649223633022	0.19757033248081843
MultiVAE_seed=42_e=10_bs=256_intermediate_dim=800_latent_dim=400_reg_lambda=0$6_lr=0$6_dropout_pkeep=0$5	0.02341038263533006	0.004650294154405623	0.025913765861516617	0.004181585677749361	0.054011387163561075	0.007679639271902303	0.19501278772378516
NGCF_seed=42_e=15_bs=512_lr=0$09_factors=64_l_w=0$4_weight_size=64_node_dropout=_message_dropout=0$4_n_fold=5	0.021065670628484176	0.004217547939936616	0.020704637792081836	0.0039002557544757033	0.05054727525955148	0.0071606281748392946	0.1796675191815857
MultiDAE_seed=42_e=5_bs=1024_intermediate_dim=600_latent_dim=200_reg_lambda=0$6_lr=0$7_dropout_pkeep=0$0	0.0429610482814896	0.008851556786693672	0.036599370445905166	0.008056265984654733	0.10486323317205669	0.01480272807442251	0.3343989769820972
ConvNeuMF_seed=42_e=10_bs=16_lr=0$06_embedding_size=50_cnn_channels=1-16-16_cnn_kernels=2-2_cnn_strides=2-2_dropout_prob=0$5_l_w=0$05_l_b=0$08	0.02383354605365745	0.0047251442901246835	0.026421168407861035	0.0042583120204603584	0.054869991474850804	0.007819649223633022	0.19757033248081843
ConvMF_seed=42_e=10_bs=32_lr=0$05_embedding_size=100_cnn_channels=1-16-16_cnn_kernels=2-2_cnn_strides=2-2_dropout_prob=0$4_l_w=0$03_l_b=0$04	0.02383354605365745	0.0047251442901246835	0.026421168407861035	0.0042583120204603584	0.054869991474850804	0.007819649223633022	0.19757033248081843
EASER_neighborhood=1028_l2_norm=3$72	0.044567258349085176	0.009707067382454868	0.04693202486416839	0.007621483375959079	0.09956338596044478	0.01402322209231385	0.3209718670076726
