model	nDCG	MAP	MRR	Precision	Recall	F1	HR
GeneralizedMF_seed=42_e=15_bs=512_lr=0$5_mffactors=256_isedgeweighttrain=True	0.013687184082840295	0.005439444878898174	0.020467914304468985	0.004635549872122762	0.02370143709657776	0.007604383902644621	0.08823529411764706
NeuMF_seed=42_e=10_bs=256_lr=0$5_mffactors=256_drop=0_batch_eval=256_mftrain=True_mlptrain=True_m=8	0.013772959256368471	0.005340356413009639	0.02285691299979998	0.0041240409207161126	0.021214681524783827	0.006764029257553775	0.08120204603580562
MultiVAE_seed=42_e=10_bs=256_intermediate_dim=800_latent_dim=400_reg_lambda=0$6_lr=0$6_dropout_pkeep=0$5	0.013543367215087946	0.005261724452340471	0.02239136238551289	0.0040601023017902815	0.020995463402752407	0.006665516422468049	0.079923273657289
NGCF_seed=42_e=15_bs=512_lr=0$09_factors=64_l_w=0$4_weight_size=64_node_dropout=_message_dropout=0$4_n_fold=5	0.012227332481591665	0.004673894931077138	0.017514368798386915	0.003900255754475704	0.021031492307067752	0.006463010771093304	0.07544757033248081
MultiDAE_seed=42_e=5_bs=1024_intermediate_dim=600_latent_dim=200_reg_lambda=0$6_lr=0$7_dropout_pkeep=0$0	0.026849141462681237	0.008953067305760794	0.031540217602835874	0.009686700767263428	0.051283085698047334	0.015928556684944657	0.17199488491048592
ConvNeuMF_seed=42_e=10_bs=16_lr=0$06_embedding_size=50_cnn_channels=1-16-16_cnn_kernels=2-2_cnn_strides=2-2_dropout_prob=0$5_l_w=0$05_l_b=0$08	0.013772959256368471	0.005340356413009639	0.02285691299979998	0.0041240409207161126	0.021214681524783827	0.006764029257553775	0.08120204603580562
ConvMF_seed=42_e=10_bs=32_lr=0$05_embedding_size=100_cnn_channels=1-16-16_cnn_kernels=2-2_cnn_strides=2-2_dropout_prob=0$4_l_w=0$03_l_b=0$04	0.013772959256368471	0.005340356413009639	0.02285691299979998	0.0041240409207161126	0.021214681524783827	0.006764029257553775	0.08120204603580562
EASER_neighborhood=1028_l2_norm=3$72	0.030216244466189177	0.011839280035514438	0.04257943071302679	0.009654731457800513	0.05144115617261397	0.015973324912677028	0.17774936061381075
