model	nDCG	MAP	MRR	Precision	Recall	F1	HR
GeneralizedMF_seed=42_e=15_bs=512_lr=0$5_mffactors=256_isedgeweighttrain=True	0.009751353309184954	0.006075513538748833	0.018100464823610603	0.005370843989769821	0.013029523403564322	0.007429789118501082	0.052429667519181586
NeuMF_seed=42_e=10_bs=256_lr=0$5_mffactors=256_drop=0_batch_eval=256_mftrain=True_mlptrain=True_m=8	0.00993559117905296	0.006414997158283604	0.020291631145211708	0.004347826086956522	0.011156527828522713	0.006102180691281037	0.043478260869565216
MultiVAE_seed=42_e=10_bs=256_intermediate_dim=800_latent_dim=400_reg_lambda=0$6_lr=0$6_dropout_pkeep=0$5	0.009809606663871852	0.006318480290666991	0.01992398408638818	0.004347826086956522	0.011156527828522713	0.006102180691281037	0.043478260869565216
NGCF_seed=42_e=15_bs=512_lr=0$09_factors=64_l_w=0$4_weight_size=64_node_dropout=_message_dropout=0$4_n_fold=5	0.008820679791713453	0.005238323590305688	0.015427982787317825	0.004475703324808185	0.01190882149961434	0.006326098067475262	0.04475703324808184
MultiDAE_seed=42_e=5_bs=1024_intermediate_dim=600_latent_dim=200_reg_lambda=0$6_lr=0$7_dropout_pkeep=0$0	0.016882237889523734	0.008435761985953801	0.026080105955425648	0.009271099744245524	0.024769617992124383	0.01307479159626547	0.08951406649616368
ConvNeuMF_seed=42_e=10_bs=16_lr=0$06_embedding_size=50_cnn_channels=1-16-16_cnn_kernels=2-2_cnn_strides=2-2_dropout_prob=0$5_l_w=0$05_l_b=0$08	0.00993559117905296	0.006414997158283604	0.020291631145211708	0.004347826086956522	0.011156527828522713	0.006102180691281037	0.043478260869565216
ConvMF_seed=42_e=10_bs=32_lr=0$05_embedding_size=100_cnn_channels=1-16-16_cnn_kernels=2-2_cnn_strides=2-2_dropout_prob=0$4_l_w=0$03_l_b=0$04	0.00993559117905296	0.006414997158283604	0.020291631145211708	0.004347826086956522	0.011156527828522713	0.006102180691281037	0.043478260869565216
EASER_neighborhood=1028_l2_norm=3$72	0.022362239531553696	0.013471841635204807	0.03813938618925831	0.011700767263427113	0.02999507774124142	0.016424971704411182	0.11061381074168798
