model	nDCG	MAP	MRR	Precision	Recall	F1	HR
GeneralizedMF_seed=42_e=15_bs=512_lr=0$5_mffactors=256_isedgeweighttrain=True	0.010300568154776934	0.0063222502151306864	0.018630835743833785	0.00496407576747224	0.012870564372850462	0.006966959874315192	0.049640757674722404
NeuMF_seed=42_e=10_bs=256_lr=0$5_mffactors=256_drop=0_batch_eval=256_mftrain=True_mlptrain=True_m=8	0.01115890601876561	0.006882523094149482	0.02077825469399604	0.005160026126714566	0.01316477266836509	0.007197405265555142	0.051600261267145654
MultiVAE_seed=42_e=10_bs=256_intermediate_dim=800_latent_dim=400_reg_lambda=0$6_lr=0$6_dropout_pkeep=0$5	0.010989181110496682	0.006749712295107462	0.02044233979243777	0.005029392553886349	0.012974760198796776	0.007048109753751466	0.050293925538863485
NGCF_seed=42_e=15_bs=512_lr=0$09_factors=64_l_w=0$4_weight_size=64_node_dropout=_message_dropout=0$4_n_fold=5	0.00983319271282373	0.005669341544586483	0.01604123251739189	0.005355976485956891	0.013454221226918807	0.007453067681464104	0.052906596995427824
MultiDAE_seed=42_e=5_bs=1024_intermediate_dim=600_latent_dim=200_reg_lambda=0$6_lr=0$7_dropout_pkeep=0$0	0.016981872957040168	0.009957803282427711	0.02822359076441375	0.008948399738732855	0.023898215145765764	0.01263930098616952	0.08556499020248204
ConvNeuMF_seed=42_e=10_bs=16_lr=0$06_embedding_size=50_cnn_channels=1-16-16_cnn_kernels=2-2_cnn_strides=2-2_dropout_prob=0$5_l_w=0$05_l_b=0$08	0.01039651031071492	0.006477351663504505	0.018843115299679636	0.005160026126714566	0.013188052965975892	0.007198404431085877	0.049640757674722404
ConvMF_seed=42_e=10_bs=32_lr=0$05_embedding_size=100_cnn_channels=1-16-16_cnn_kernels=2-2_cnn_strides=2-2_dropout_prob=0$4_l_w=0$03_l_b=0$04	0.01115890601876561	0.006882523094149482	0.02077825469399604	0.005160026126714566	0.01316477266836509	0.007197405265555142	0.051600261267145654
EASER_neighborhood=1015_l2_norm=3$72	0.020161271661608623	0.011090894010554362	0.03234373218044021	0.01156107119529719	0.029343636985700992	0.01607019790828912	0.11234487263226649
