model	nDCG	MAP	MRR	Precision	Recall	F1	HR
GeneralizedMF_seed=42_e=15_bs=512_lr=0$5_mffactors=256_isedgeweighttrain=True	0.01393563456171865	0.00540249152533233	0.020922251195317827	0.0043109079033311565	0.022578660544042648	0.007105882728467762	0.08425865447419988
NeuMF_seed=42_e=10_bs=256_lr=0$5_mffactors=256_drop=0_batch_eval=256_mftrain=True_mlptrain=True_m=8	0.014544428762712265	0.005767972205981672	0.022899757362425683	0.004212932723709994	0.022227500346376897	0.006922399551159339	0.08229915088177661
MultiVAE_seed=42_e=10_bs=256_intermediate_dim=800_latent_dim=400_reg_lambda=0$6_lr=0$6_dropout_pkeep=0$5	0.014372790097036946	0.005679081376134588	0.022593164975973926	0.0041476159372958845	0.021991634173214838	0.006822922836218311	0.08099281515349445
NGCF_seed=42_e=15_bs=512_lr=0$09_factors=64_l_w=0$4_weight_size=64_node_dropout=_message_dropout=0$4_n_fold=5	0.013059024011732812	0.00514798575937641	0.01819491523892621	0.004441541476159373	0.021821532484497863	0.007225513893716133	0.08621815806662313
MultiDAE_seed=42_e=5_bs=1024_intermediate_dim=600_latent_dim=200_reg_lambda=0$6_lr=0$7_dropout_pkeep=0$0	0.023525559915702692	0.009094081293603853	0.03238984071181607	0.007805355976485958	0.04109884418506235	0.01284367732911842	0.14761593729588504
ConvNeuMF_seed=42_e=10_bs=16_lr=0$06_embedding_size=50_cnn_channels=1-16-16_cnn_kernels=2-2_cnn_strides=2-2_dropout_prob=0$5_l_w=0$05_l_b=0$08	0.013465632885847123	0.005419708235681982	0.020761589907648755	0.004212932723709994	0.02129407351484425	0.006885412130266605	0.07968647942521227
ConvMF_seed=42_e=10_bs=32_lr=0$05_embedding_size=100_cnn_channels=1-16-16_cnn_kernels=2-2_cnn_strides=2-2_dropout_prob=0$4_l_w=0$03_l_b=0$04	0.014544428762712265	0.005767972205981672	0.022899757362425683	0.004212932723709994	0.022227500346376897	0.006922399551159339	0.08229915088177661
EASER_neighborhood=1015_l2_norm=3$72	0.027590687118987378	0.010681990127440751	0.03681117055310454	0.009536250816459832	0.04898479305729469	0.015647110554228894	0.178314826910516
