model	nDCG	MAP	MRR	Precision	Recall	F1	HR
GeneralizedMF_seed=42_e=15_bs=512_lr=0$5_mffactors=256_isedgeweighttrain=True	0.0212420421120197	0.004416358686185287	0.023431566691746602	0.0035924232527759633	0.04776280581309973	0.006612635633974143	0.16917047681254083
NeuMF_seed=42_e=10_bs=256_lr=0$5_mffactors=256_drop=0_batch_eval=256_mftrain=True_mlptrain=True_m=8	0.023573046487905414	0.004847404382878068	0.026155017996905255	0.004101894186806009	0.051846101862431056	0.007511046163025082	0.18745917700849118
MultiVAE_seed=42_e=10_bs=256_intermediate_dim=800_latent_dim=400_reg_lambda=0$6_lr=0$6_dropout_pkeep=0$5	0.023359784800613237	0.0047719631563781055	0.02584628651916757	0.004062704114957544	0.051552176323567574	0.0074428972495083935	0.1868060091443501
NGCF_seed=42_e=15_bs=512_lr=0$09_factors=64_l_w=0$4_weight_size=64_node_dropout=_message_dropout=0$4_n_fold=5	0.021421063895572696	0.004650515313550212	0.021269385442636794	0.003971260613977792	0.04931627810465171	0.007268580935172827	0.18354016982364468
MultiDAE_seed=42_e=5_bs=1024_intermediate_dim=600_latent_dim=200_reg_lambda=0$6_lr=0$7_dropout_pkeep=0$0	0.040244825011331545	0.008251335176836532	0.037958449752098763	0.007419986936642718	0.09713866763180935	0.013643341429070217	0.32658393207054215
ConvNeuMF_seed=42_e=10_bs=16_lr=0$06_embedding_size=50_cnn_channels=1-16-16_cnn_kernels=2-2_cnn_strides=2-2_dropout_prob=0$5_l_w=0$05_l_b=0$08	0.022957285908155562	0.00469656746353114	0.024143244779599865	0.004219464402351404	0.05287841558253054	0.007724513103906096	0.19137818419333769
ConvMF_seed=42_e=10_bs=32_lr=0$05_embedding_size=100_cnn_channels=1-16-16_cnn_kernels=2-2_cnn_strides=2-2_dropout_prob=0$4_l_w=0$03_l_b=0$04	0.023573046487905414	0.004847404382878068	0.026155017996905255	0.004101894186806009	0.051846101862431056	0.007511046163025082	0.18745917700849118
EASER_neighborhood=1015_l2_norm=3$72	0.04238204224359319	0.009291535808944585	0.04137359855642076	0.007668190725016329	0.09847289295362449	0.014073923063212958	0.3272370999346832
