model	nDCG	MAP	MRR	Precision	Recall	F1	HR
GeneralizedMF_seed=42_e=15_bs=512_lr=0$5_mffactors=256_isedgeweighttrain=True	0.021729745461368292	0.004627062124939584	0.024854622416966895	0.003833658219623132	0.047268930261132984	0.007006394045360182	0.1760883690708252
NeuMF_seed=42_e=10_bs=256_lr=0$5_mffactors=256_drop=0_batch_eval=256_mftrain=True_mlptrain=True_m=8	0.02180338564801654	0.004441446455440217	0.023388009654310263	0.003924626380766732	0.049183884125404594	0.007187206472682574	0.17868745938921377
MultiVAE_seed=42_e=10_bs=256_intermediate_dim=800_latent_dim=400_reg_lambda=0$6_lr=0$6_dropout_pkeep=0$5	0.02135650370016904	0.00435671244877595	0.02301182031504651	0.0038206627680311897	0.048077465816257235	0.006999222517339371	0.17543859649122806
NGCF_seed=42_e=15_bs=512_lr=0$09_factors=64_l_w=0$4_weight_size=64_node_dropout=_message_dropout=0$4_n_fold=5	0.02193738308872868	0.004549491229400362	0.02139578562989468	0.004236517218973359	0.05263987690888275	0.0077460879345443824	0.1949317738791423
MultiDAE_seed=42_e=5_bs=1024_intermediate_dim=600_latent_dim=200_reg_lambda=0$6_lr=0$7_dropout_pkeep=0$0	0.04112315787366259	0.008347275343932472	0.03672438461447978	0.007732293697205978	0.10120948649213755	0.014222941165347188	0.3346328784925276
ConvNeuMF_seed=42_e=10_bs=16_lr=0$06_embedding_size=50_cnn_channels=1-16-16_cnn_kernels=2-2_cnn_strides=2-2_dropout_prob=0$5_l_w=0$05_l_b=0$08	0.023091154921072773	0.00462251503675822	0.02340245558999381	0.0042495126705653025	0.053513460043674466	0.007788501804184406	0.18973359324236516
ConvMF_seed=42_e=10_bs=32_lr=0$05_embedding_size=100_cnn_channels=1-16-16_cnn_kernels=2-2_cnn_strides=2-2_dropout_prob=0$4_l_w=0$03_l_b=0$04	0.02180338564801654	0.004441446455440217	0.023388009654310263	0.003924626380766732	0.049183884125404594	0.007187206472682574	0.17868745938921377
EASER_neighborhood=1005_l2_norm=3$72	0.043448649859518386	0.009296574321707437	0.0441769903572437	0.007563352826510722	0.09928736702615844	0.013918024943475781	0.32748538011695905
