model	nDCG	MAP	MRR	Precision	Recall	F1	HR
GeneralizedMF_seed=42_e=15_bs=512_lr=0$5_mffactors=256_isedgeweighttrain=True	0.01401928993404138	0.005585818867854365	0.0220475382965048	0.004353476283300845	0.02180654159211664	0.0071053857442383616	0.08317089018843404
NeuMF_seed=42_e=10_bs=256_lr=0$5_mffactors=256_drop=0_batch_eval=256_mftrain=True_mlptrain=True_m=8	0.012254347438572417	0.004885788773289603	0.0197462721586283	0.003606237816764133	0.01803813470480137	0.005897332811869947	0.06887589343729694
MultiVAE_seed=42_e=10_bs=256_intermediate_dim=800_latent_dim=400_reg_lambda=0$6_lr=0$6_dropout_pkeep=0$5	0.011963612459299024	0.004796419861590744	0.019411361656486853	0.0035087719298245615	0.017366703039217658	0.005729778807550115	0.06692657569850552
NGCF_seed=42_e=15_bs=512_lr=0$09_factors=64_l_w=0$4_weight_size=64_node_dropout=_message_dropout=0$4_n_fold=5	0.012332683619212257	0.0050269077008865725	0.017930888490155596	0.004158544509421703	0.02075378776158503	0.0067795332324300794	0.08057179987004548
MultiDAE_seed=42_e=5_bs=1024_intermediate_dim=600_latent_dim=200_reg_lambda=0$6_lr=0$7_dropout_pkeep=0$0	0.023612067975570604	0.008813051899899135	0.031005154064134507	0.008057179987004547	0.04261586907785738	0.0132534103068249	0.15139701104613384
ConvNeuMF_seed=42_e=10_bs=16_lr=0$06_embedding_size=50_cnn_channels=1-16-16_cnn_kernels=2-2_cnn_strides=2-2_dropout_prob=0$5_l_w=0$05_l_b=0$08	0.012970048044664857	0.004870824031689517	0.019766107957421727	0.003996101364522418	0.020446716304416107	0.006545180480449453	0.07667316439246263
ConvMF_seed=42_e=10_bs=32_lr=0$05_embedding_size=100_cnn_channels=1-16-16_cnn_kernels=2-2_cnn_strides=2-2_dropout_prob=0$4_l_w=0$03_l_b=0$04	0.012254347438572417	0.004885788773289603	0.0197462721586283	0.003606237816764133	0.01803813470480137	0.005897332811869947	0.06887589343729694
EASER_neighborhood=1005_l2_norm=3$72	0.02831158915721853	0.010975948024923124	0.03923124344649218	0.009161793372319689	0.04830831755783022	0.015134108848905465	0.16764132553606237
