model	nDCG	MAP	MRR	Precision	Recall	F1	HR
GeneralizedMF_seed=42_e=15_bs=512_lr=0$5_mffactors=256_isedgeweighttrain=True	0.010367586397737164	0.00651943645121033	0.019584454964571923	0.004938271604938272	0.012335864626312969	0.006871220170958014	0.04743339831059129
NeuMF_seed=42_e=10_bs=256_lr=0$5_mffactors=256_drop=0_batch_eval=256_mftrain=True_mlptrain=True_m=8	0.009829184268009387	0.0059518652598574626	0.018228957166578998	0.004613385315139701	0.011598916569676803	0.006434620928994829	0.04483430799220273
MultiVAE_seed=42_e=10_bs=256_intermediate_dim=800_latent_dim=400_reg_lambda=0$6_lr=0$6_dropout_pkeep=0$5	0.009653550771132604	0.005832662933052796	0.01790664933939788	0.004483430799220273	0.011382325709811089	0.006272177784095543	0.043534762833008445
NGCF_seed=42_e=15_bs=512_lr=0$09_factors=64_l_w=0$4_weight_size=64_node_dropout=_message_dropout=0$4_n_fold=5	0.008972006163500986	0.005475365368152892	0.015552770815928709	0.004873294346978557	0.012098404447332322	0.006752390688473585	0.04678362573099415
MultiDAE_seed=42_e=5_bs=1024_intermediate_dim=600_latent_dim=200_reg_lambda=0$6_lr=0$7_dropout_pkeep=0$0	0.01639114242379098	0.009047438555235827	0.026460183380261352	0.008901884340480832	0.023647385392024767	0.012546875960807245	0.08576998050682261
ConvNeuMF_seed=42_e=10_bs=16_lr=0$06_embedding_size=50_cnn_channels=1-16-16_cnn_kernels=2-2_cnn_strides=2-2_dropout_prob=0$5_l_w=0$05_l_b=0$08	0.009526434904079483	0.005700078385263571	0.01764622461503553	0.004418453541260559	0.011306300731251998	0.0061637195058338225	0.043534762833008445
ConvMF_seed=42_e=10_bs=32_lr=0$05_embedding_size=100_cnn_channels=1-16-16_cnn_kernels=2-2_cnn_strides=2-2_dropout_prob=0$4_l_w=0$03_l_b=0$04	0.009829184268009387	0.0059518652598574626	0.018228957166578998	0.004613385315139701	0.011598916569676803	0.006434620928994829	0.04483430799220273
EASER_neighborhood=1005_l2_norm=3$72	0.02045976935341187	0.012166321152675926	0.03460167909485648	0.010396361273554255	0.02785283448051479	0.014788798931431054	0.10071474983755685
