model	nDCG	MAP	MRR	Precision	Recall	F1	HR
GeneralizedMF_seed=42_e=10_bs=512_lr=0$5_mffactors=256_isedgeweighttrain=True	0.005016569891998872	0.0007373221095144	0.0028696089792125193	0.0005863741826618857	0.015791478436490036	0.00110465130936924	0.028264079308162837
NeuMF_seed=42_e=10_bs=256_lr=0$5_mffactors=256_drop=0_batch_eval=256_mftrain=True_mlptrain=True_m=8	0.004938208336760063	0.0005462940512167973	0.0018649455611805198	0.0006074667791605146	0.018413831475421857	0.0011552009160350975	0.029951487028053152
MultiVAE_seed=42_e=10_bs=256_intermediate_dim=800_latent_dim=400_reg_lambda=0$6_lr=0$6_dropout_pkeep=0$5	0.004936476282635447	0.0005450955456957886	0.00186173790195014	0.0006074667791605146	0.018413831475421857	0.0011552009160350975	0.029951487028053152
NGCF_seed=42_e=15_bs=512_lr=0$09_factors=64_l_w=0$4_weight_size=64_node_dropout=_message_dropout=0$4_n_fold=5	0.003629793980031915	0.00048743689688362455	0.00225182477580143	0.00041341489137312806	0.010919274669288544	0.0007729949112837983	0.02045981860367011
MultiDAE_seed=42_e=5_bs=1024_intermediate_dim=600_latent_dim=200_reg_lambda=0$6_lr=0$7_dropout_pkeep=0$0	0.023460473452674355	0.0032340275563813156	0.01645496806821384	0.0024593967517401393	0.06631016878302594	0.004649773128964614	0.11347816916262392
ConvNeuMF_seed=42_e=10_bs=16_lr=0$05_embedding_size=50_cnn_channels=1-16-16_cnn_kernels=2-2_cnn_strides=2-2_dropout_prob=0$5_l_w=0$08_l_b=0$07	0.006497180429694403	0.0008207283513035041	0.003814499744784085	0.0007508964353511919	0.021404920231394772	0.0014191888172555244	0.036701117907614426
ConvMF_seed=42_e=10_bs=32_lr=0$05_embedding_size=100_cnn_channels=1-32-32_cnn_kernels=2-2_cnn_strides=2-2_dropout_prob=0$4_l_w=0$03_l_b=0$04	0.004938208336760063	0.0005462940512167973	0.0018649455611805198	0.0006074667791605146	0.018413831475421857	0.0011552009160350975	0.029951487028053152
EASER_neighborhood=3766_l2_norm=3$72	0.02885656275076464	0.00409406766433768	0.02119341553681249	0.0030035857414047666	0.0784003536875183	0.005655904032205207	0.13562539548618435
