model	nDCG	MAP	MRR	Precision	Recall	F1	HR
NeuMF_seed=42_e=10_bs=256_lr=0$5_mffactors=256_drop=0_batch_eval=256_mftrain=True_mlptrain=True_m=8	0.00105426802769532	0.00019806952521569693	0.0006945490704191401	0.0003374815439780637	0.0026365745623286225	0.0005863151823919594	0.003374815439780637
