model	nDCG	MAP	MRR	Precision	Recall	F1	HR
GeneralizedMF_seed=42_e=15_bs=512_lr=0$5_mffactors=256_isedgeweighttrain=True	0.013481989868316138	0.005095156457031354	0.019650253427898924	0.0042690815006468305	0.02211003743992101	0.007030436594989466	0.08408796895213454
NeuMF_seed=42_e=10_bs=256_lr=0$5_mffactors=256_drop=0_batch_eval=256_mftrain=True_mlptrain=True_m=8	0.012981439976254614	0.005257433996105701	0.021947523010487857	0.003719275549805951	0.01891494663163486	0.006072905189352893	0.07179818887451488
MultiVAE_seed=42_e=10_bs=256_intermediate_dim=800_latent_dim=400_reg_lambda=0$6_lr=0$6_dropout_pkeep=0$5	0.01290577062042641	0.005218002637525555	0.021834910803471438	0.003686934023285899	0.01878558052555465	0.006021158746920809	0.07115135834411385
NGCF_seed=42_e=15_bs=512_lr=0$09_factors=64_l_w=0$4_weight_size=64_node_dropout=_message_dropout=0$4_n_fold=5	0.012613481211339405	0.005033445895050946	0.018300338365952615	0.004172056921086675	0.021810812803697666	0.006838925355699812	0.08214747736093143
MultiDAE_seed=42_e=5_bs=1024_intermediate_dim=600_latent_dim=200_reg_lambda=0$6_lr=0$7_dropout_pkeep=0$0	0.022638745052739658	0.00859496386706074	0.03269431369236519	0.007115135834411385	0.03746842850982566	0.011718731314760292	0.1371280724450194
ConvNeuMF_seed=42_e=10_bs=16_lr=0$06_embedding_size=50_cnn_channels=1-16-16_cnn_kernels=2-2_cnn_strides=2-2_dropout_prob=0$5_l_w=0$05_l_b=0$08	0.014500711215084231	0.0058854853725868106	0.022823430812413666	0.004366106080206986	0.02249612899677583	0.007120496490985044	0.08602846054333764
ConvMF_seed=42_e=10_bs=32_lr=0$05_embedding_size=100_cnn_channels=1-16-16_cnn_kernels=2-2_cnn_strides=2-2_dropout_prob=0$4_l_w=0$03_l_b=0$04	0.012981439976254614	0.005257433996105701	0.021947523010487857	0.003719275549805951	0.01891494663163486	0.006072905189352893	0.07179818887451488
EASER_neighborhood=1014_l2_norm=3$72	0.023557927233361333	0.008622450865328219	0.029750773530787072	0.007826649417852523	0.04287254358405716	0.012953579174939427	0.15071151358344115
