model	nDCG	MAP	MRR	Precision	Recall	F1	HR
GeneralizedMF_seed=42_e=15_bs=512_lr=0$5_mffactors=256_isedgeweighttrain=True	0.009952546238614003	0.005786566459270211	0.017316834021232467	0.0048512289780077615	0.012841599969672414	0.006888863519496819	0.04851228978007762
NeuMF_seed=42_e=10_bs=256_lr=0$5_mffactors=256_drop=0_batch_eval=256_mftrain=True_mlptrain=True_m=8	0.010169639579494181	0.006404854309123391	0.020072280744984496	0.004592496765847348	0.011558252729015988	0.006361250672215516	0.04463130659767141
MultiVAE_seed=42_e=10_bs=256_intermediate_dim=800_latent_dim=400_reg_lambda=0$6_lr=0$6_dropout_pkeep=0$5	0.01011250965672262	0.006371434731719337	0.019959855438510032	0.004527813712807244	0.01148638267008254	0.006293163247962775	0.04398447606727038
NGCF_seed=42_e=15_bs=512_lr=0$09_factors=64_l_w=0$4_weight_size=64_node_dropout=_message_dropout=0$4_n_fold=5	0.009559390691737845	0.0056817388447401385	0.016406137703032914	0.005239327296248384	0.013541649165840627	0.007267180815967458	0.052393272962483826
MultiDAE_seed=42_e=5_bs=1024_intermediate_dim=600_latent_dim=200_reg_lambda=0$6_lr=0$7_dropout_pkeep=0$0	0.016694107688151827	0.009948510236349822	0.028867892564529048	0.008085381630012939	0.02158540216431549	0.011449628979287061	0.07826649417852523
ConvNeuMF_seed=42_e=10_bs=16_lr=0$06_embedding_size=50_cnn_channels=1-16-16_cnn_kernels=2-2_cnn_strides=2-2_dropout_prob=0$5_l_w=0$05_l_b=0$08	0.011453892481605332	0.006999784389823199	0.02076480009856465	0.005627425614489005	0.014307025804438482	0.007767600503543019	0.054980595084087966
ConvMF_seed=42_e=10_bs=32_lr=0$05_embedding_size=100_cnn_channels=1-16-16_cnn_kernels=2-2_cnn_strides=2-2_dropout_prob=0$4_l_w=0$03_l_b=0$04	0.010169639579494181	0.006404854309123391	0.020072280744984496	0.004592496765847348	0.011558252729015988	0.006361250672215516	0.04463130659767141
EASER_neighborhood=1014_l2_norm=3$72	0.01705414194459728	0.008954059631614613	0.025653760857512475	0.009184993531694696	0.025458428304482635	0.013086859021489088	0.08926261319534282
