model	nDCG	MAP	MRR	Precision	Recall	F1	HR
GeneralizedMF_seed=42_e=15_bs=512_lr=0$5_mffactors=256_isedgeweighttrain=True	0.02030397814746982	0.004320503148474582	0.022239619749347392	0.0035834411384217334	0.044271193446484516	0.0065698553429329965	0.17011642949547218
NeuMF_seed=42_e=10_bs=256_lr=0$5_mffactors=256_drop=0_batch_eval=256_mftrain=True_mlptrain=True_m=8	0.022682170514522024	0.004492703442532151	0.025422295058832343	0.004049159120310479	0.051158445191433546	0.007415812532048251	0.18499353169469598
MultiVAE_seed=42_e=10_bs=256_intermediate_dim=800_latent_dim=400_reg_lambda=0$6_lr=0$6_dropout_pkeep=0$5	0.022464483625031013	0.004434038281607981	0.025243153539424322	0.003984476067270375	0.05071616431577622	0.0073037790532971755	0.18305304010349288
NGCF_seed=42_e=15_bs=512_lr=0$09_factors=64_l_w=0$4_weight_size=64_node_dropout=_message_dropout=0$4_n_fold=5	0.020303298360616378	0.004330534811048083	0.02114172430816872	0.0037128072445019407	0.047441729249620576	0.006811647498423905	0.17723156532988357
MultiDAE_seed=42_e=5_bs=1024_intermediate_dim=600_latent_dim=200_reg_lambda=0$6_lr=0$7_dropout_pkeep=0$0	0.038649010997988696	0.007749368392692447	0.037733526805211304	0.006946959896507115	0.09125290047023554	0.012782455211216726	0.296248382923674
ConvNeuMF_seed=42_e=10_bs=16_lr=0$06_embedding_size=50_cnn_channels=1-16-16_cnn_kernels=2-2_cnn_strides=2-2_dropout_prob=0$5_l_w=0$05_l_b=0$08	0.02313812098644595	0.004832836575706318	0.025928374527261322	0.004087968952134541	0.05096850289282372	0.007479206489651664	0.19016817593790428
ConvMF_seed=42_e=10_bs=32_lr=0$05_embedding_size=100_cnn_channels=1-16-16_cnn_kernels=2-2_cnn_strides=2-2_dropout_prob=0$4_l_w=0$03_l_b=0$04	0.022682170514522024	0.004492703442532151	0.025422295058832343	0.004049159120310479	0.051158445191433546	0.007415812532048251	0.18499353169469598
EASER_neighborhood=1014_l2_norm=3$72	0.03784630772705531	0.007724103369421041	0.034092836725216645	0.006843467011642951	0.09117104327324249	0.012598976643614703	0.2943078913324709
