model	nDCG	MAP	MRR	Precision	Recall	F1	HR
NeuMF_seed=42_e=10_bs=256_lr=0$5_mffactors=256_drop=0_batch_eval=256_mftrain=True_mlptrain=True_m=8	0.012981439976254614	0.005257433996105701	0.021947523010487857	0.003719275549805951	0.01891494663163486	0.006072905189352893	0.07179818887451488
