model	nDCG	MAP	MRR	Precision	Recall	F1	HR
GeneralizedMF_seed=42_e=10_bs=512_lr=0$5_mffactors=256_isedgeweighttrain=True	0.004459284551509352	0.0005876954399717302	0.0025622289184770836	0.0004437072361600665	0.012883702102030941	0.0008447255466504318	0.02197802197802198
NeuMF_seed=42_e=10_bs=256_lr=0$5_mffactors=256_drop=0_batch_eval=256_mftrain=True_mlptrain=True_m=8	0.0052205504232134305	0.0006062971921099139	0.00223036947085161	0.0005929919137466307	0.018107020263354496	0.001129043420647711	0.029234916027368857
MultiVAE_seed=42_e=10_bs=256_intermediate_dim=800_latent_dim=400_reg_lambda=0$6_lr=0$6_dropout_pkeep=0$5	0.0052176082813887225	0.0006043163849605454	0.002226533190744865	0.0005929919137466307	0.018107020263354496	0.001129043420647711	0.029234916027368857
NGCF_seed=42_e=15_bs=512_lr=0$09_factors=64_l_w=0$4_weight_size=64_node_dropout=_message_dropout=0$4_n_fold=5	0.004446703210858997	0.0004727045392769408	0.002732300494611475	0.0004437072361600664	0.013757931254821157	0.0008465414237519575	0.022185361808003318
MultiDAE_seed=42_e=5_bs=1024_intermediate_dim=600_latent_dim=200_reg_lambda=0$6_lr=0$7_dropout_pkeep=0$0	0.02602682724827232	0.003233383973363532	0.014148205697113217	0.002902757619738752	0.08496541959894645	0.005516712469089264	0.13601492846775864
ConvNeuMF_seed=42_e=10_bs=16_lr=0$05_embedding_size=50_cnn_channels=1-16-16_cnn_kernels=2-2_cnn_strides=2-2_dropout_prob=0$5_l_w=0$08_l_b=0$07	0.007805890258883187	0.0009121646524202759	0.005241849921937409	0.0007339829981339415	0.022095596826055046	0.0013950822472772798	0.036284470246734396
ConvMF_seed=42_e=10_bs=32_lr=0$05_embedding_size=100_cnn_channels=1-32-32_cnn_kernels=2-2_cnn_strides=2-2_dropout_prob=0$4_l_w=0$03_l_b=0$04	0.0052205504232134305	0.0006062971921099139	0.00223036947085161	0.0005929919137466307	0.018107020263354496	0.001129043420647711	0.029234916027368857
EASER_neighborhood=3797_l2_norm=3$72	0.030156121784456643	0.0039036716630334966	0.01962892426894341	0.0030313083143271823	0.08746865017858174	0.005747532930721099	0.1409910843873108
