model	nDCG	MAP	MRR	Precision	Recall	F1	HR
NeuMF_seed=42_e=10_bs=256_lr=0$08_mffactors=256_drop=0$3_batch_eval=256_mftrain=True_mlptrain=True_m=8	0.0018992942895464597	0.00048197853858643683	0.0014590510439810385	0.000534351145038168	0.004932050384425069	0.0009153879464606637	0.010687022900763359
