model	nDCG	MAP	MRR	Precision	Recall	F1	HR
GeneralizedMF_seed=42_e=10_bs=512_lr=0$5_mffactors=256_isedgeweighttrain=True	0.0024643121069681004	0.0006190492888367914	0.001972605438837292	0.0008836524300441826	0.005708448993165607	0.0014220678730790175	0.008836524300441826
NeuMF_seed=42_e=10_bs=256_lr=0$5_mffactors=256_drop=0_batch_eval=256_mftrain=True_mlptrain=True_m=8	0.0018685205037322372	0.00034812599561179404	0.0011969048787900042	0.00077845571218178	0.004894593750528542	0.0012506206131707627	0.007784557121817799
MultiVAE_seed=42_e=10_bs=256_intermediate_dim=800_latent_dim=400_reg_lambda=0$6_lr=0$6_dropout_pkeep=0$5	0.0018685205037322372	0.00034812599561179404	0.0011969048787900042	0.00077845571218178	0.004894593750528542	0.0012506206131707627	0.007784557121817799
NGCF_seed=42_e=15_bs=512_lr=0$09_factors=64_l_w=0$4_weight_size=64_node_dropout=_message_dropout=0$4_n_fold=5	0.0017731942432054116	0.00054318241778793	0.0016655312100294216	0.00048390490216705244	0.003400011868347656	0.0008019896111170272	0.004839049021670524
MultiDAE_seed=42_e=5_bs=1024_intermediate_dim=600_latent_dim=200_reg_lambda=0$6_lr=0$7_dropout_pkeep=0$0	0.014599877176660855	0.005498273437995718	0.016317513750713834	0.0038922785609089004	0.021531438031543226	0.006249394709559025	0.038081211866189776
ConvNeuMF_seed=42_e=10_bs=16_lr=0$05_embedding_size=50_cnn_channels=1-16-16_cnn_kernels=2-2_cnn_strides=2-2_dropout_prob=0$5_l_w=0$08_l_b=0$07	0.0026233000950133686	0.0009116047007904784	0.002661894409211893	0.0008205343993267411	0.0046239998208414445	0.0012563550491917715	0.00820534399326741
ConvMF_seed=42_e=10_bs=32_lr=0$05_embedding_size=100_cnn_channels=1-32-32_cnn_kernels=2-2_cnn_strides=2-2_dropout_prob=0$4_l_w=0$03_l_b=0$04	0.0018685205037322372	0.00034812599561179404	0.0011969048787900042	0.00077845571218178	0.004894593750528542	0.0012506206131707627	0.007784557121817799
EASER_neighborhood=3811_l2_norm=3$72	0.015273368769574469	0.005107926823159308	0.01549931705622848	0.004544498211655796	0.02733733672877372	0.007409767790518029	0.04481380180938355
