model	nDCG	MAP	MRR	Precision	Recall	F1	HR
NeuMF_seed=42_e=10_bs=256_lr=0$5_mffactors=256_drop=0_batch_eval=256_mftrain=True_mlptrain=True_m=8	0.004592914443264511	0.0005986207014742015	0.002042350130524735	0.0005512308015989901	0.015858429456632288	0.0010434328691320193	0.027561540079949504
