model	nDCG	MAP	MRR	Precision	Recall	F1	HR
GeneralizedMF_seed=42_e=10_bs=512_lr=0$5_mffactors=256_isedgeweighttrain=True	0.004509663526025826	0.000611721347175342	0.002680000787315461	0.0005025337837837837	0.014368313626126122	0.000953860815277118	0.02512668918918919
NeuMF_seed=42_e=10_bs=256_lr=0$5_mffactors=256_drop=0_batch_eval=256_mftrain=True_mlptrain=True_m=8	0.004355765582661166	0.0006142397975714582	0.0025147060633726914	0.0005405405405405407	0.013877467783717784	0.001017971806731694	0.026182432432432432
MultiVAE_seed=42_e=10_bs=256_intermediate_dim=800_latent_dim=400_reg_lambda=0$6_lr=0$6_dropout_pkeep=0$5	0.00433670485986224	0.0006120051993280285	0.0025059531870441163	0.0005363175675675676	0.013824680621555622	0.0010101514864113736	0.026182432432432432
NGCF_seed=42_e=15_bs=512_lr=0$09_factors=64_l_w=0$4_weight_size=64_node_dropout=_message_dropout=0$4_n_fold=5	0.004307870331010083	0.0005731006583298455	0.0027749613349129587	0.000472972972972973	0.012983492378023627	0.0008926426701280656	0.0234375
MultiDAE_seed=42_e=5_bs=1024_intermediate_dim=600_latent_dim=200_reg_lambda=0$6_lr=0$7_dropout_pkeep=0$0	0.026089135163642987	0.0033091271131610103	0.019803494844636328	0.0025042229729729734	0.06777564800657632	0.004728595947053756	0.11528716216216216
ConvNeuMF_seed=42_e=10_bs=16_lr=0$05_embedding_size=50_cnn_channels=1-16-16_cnn_kernels=2-2_cnn_strides=2-2_dropout_prob=0$5_l_w=0$08_l_b=0$07	0.007006071656914314	0.0007523690107497372	0.0031888762438151727	0.0008699324324324324	0.024103919318763066	0.0016457089835601295	0.04328547297297297
ConvMF_seed=42_e=10_bs=32_lr=0$05_embedding_size=100_cnn_channels=1-32-32_cnn_kernels=2-2_cnn_strides=2-2_dropout_prob=0$4_l_w=0$03_l_b=0$04	0.004355765582661166	0.0006142397975714582	0.0025147060633726914	0.0005405405405405407	0.013877467783717784	0.001017971806731694	0.026182432432432432
EASER_neighborhood=3766_l2_norm=3$72	0.02861406017765243	0.0039304117049241815	0.019991474567614874	0.002964527027027027	0.07826867649937502	0.005597293944467092	0.1336570945945946
