model	nDCG	MAP	MRR	Precision	Recall	F1	HR
GeneralizedMF_seed=42_e=10_bs=512_lr=0$5_mffactors=256_isedgeweighttrain=True	0.0029321865275626024	0.0006976727336392584	0.0023192866713087302	0.000654560810810811	0.007292194538288287	0.0011542036474101692	0.013091216216216216
NeuMF_seed=42_e=10_bs=256_lr=0$5_mffactors=256_drop=0_batch_eval=256_mftrain=True_mlptrain=True_m=8	0.002289186501263962	0.0005392258896243754	0.0019368724734073997	0.0005489864864864864	0.005395979126447876	0.000961017533707751	0.01097972972972973
MultiVAE_seed=42_e=10_bs=256_intermediate_dim=800_latent_dim=400_reg_lambda=0$6_lr=0$6_dropout_pkeep=0$5	0.002285555593320763	0.0005357067454802313	0.001929045805424482	0.0005489864864864864	0.005395979126447876	0.000961017533707751	0.01097972972972973
NGCF_seed=42_e=15_bs=512_lr=0$09_factors=64_l_w=0$4_weight_size=64_node_dropout=_message_dropout=0$4_n_fold=5	0.0026764105023091636	0.000675901670362777	0.0023731501064971463	0.0005278716216216217	0.005648477718790218	0.0009408326697728873	0.010557432432432432
MultiDAE_seed=42_e=5_bs=1024_intermediate_dim=600_latent_dim=200_reg_lambda=0$6_lr=0$7_dropout_pkeep=0$0	0.01878721001058604	0.004224748399749609	0.01811756216960116	0.003103885135135135	0.03616097930206386	0.005491702333645107	0.059755067567567564
ConvNeuMF_seed=42_e=10_bs=16_lr=0$05_embedding_size=50_cnn_channels=1-16-16_cnn_kernels=2-2_cnn_strides=2-2_dropout_prob=0$5_l_w=0$08_l_b=0$07	0.0037497405199218713	0.0006778938311476285	0.002410016710459338	0.0008023648648648649	0.009687533515658514	0.0014324848848602599	0.016047297297297296
ConvMF_seed=42_e=10_bs=32_lr=0$05_embedding_size=100_cnn_channels=1-32-32_cnn_kernels=2-2_cnn_strides=2-2_dropout_prob=0$4_l_w=0$03_l_b=0$04	0.002289186501263962	0.0005392258896243754	0.0019368724734073997	0.0005489864864864864	0.005395979126447876	0.000961017533707751	0.01097972972972973
EASER_neighborhood=3766_l2_norm=3$72	0.02047650084858258	0.004889685516968194	0.018215943195988665	0.00390625	0.0433045151680262	0.0068707417530157085	0.07516891891891891
