model	nDCG	MAP	MRR	Precision	Recall	F1	HR
GeneralizedMF_seed=42_e=10_bs=512_lr=0$5_mffactors=256_isedgeweighttrain=True	0.004652515791411926	0.0006634648685087089	0.0031580108562111646	0.00048400673400673396	0.013252021944801455	0.0009116125634895766	0.02377946127946128
NeuMF_seed=42_e=10_bs=256_lr=0$5_mffactors=256_drop=0_batch_eval=256_mftrain=True_mlptrain=True_m=8	0.005025726916475813	0.0006997890431468619	0.002786660111857324	0.0005808080808080808	0.01557344773266243	0.0010967985815046443	0.028409090909090908
MultiVAE_seed=42_e=10_bs=256_intermediate_dim=800_latent_dim=400_reg_lambda=0$6_lr=0$6_dropout_pkeep=0$5	0.005023842813176948	0.0006984967299784145	0.0027840927446499083	0.0005808080808080808	0.01557344773266243	0.0010967985815046443	0.028409090909090908
NGCF_seed=42_e=15_bs=512_lr=0$09_factors=64_l_w=0$4_weight_size=64_node_dropout=_message_dropout=0$4_n_fold=5	0.004731738398444726	0.0005224846900655794	0.002499146471440221	0.0005050505050505052	0.015145863913874907	0.0009588171892337655	0.024831649831649833
MultiDAE_seed=42_e=5_bs=1024_intermediate_dim=600_latent_dim=200_reg_lambda=0$6_lr=0$7_dropout_pkeep=0$0	0.021776096804280325	0.00292460294386508	0.015245667503962505	0.0023989898989898993	0.06346610779481149	0.004535889052775399	0.1111111111111111
ConvNeuMF_seed=42_e=10_bs=16_lr=0$05_embedding_size=50_cnn_channels=1-16-16_cnn_kernels=2-2_cnn_strides=2-2_dropout_prob=0$5_l_w=0$08_l_b=0$07	0.005606395099093562	0.000658551389209691	0.0030286824416042427	0.0006481481481481481	0.018247550745167845	0.0012240362605356906	0.03198653198653199
ConvMF_seed=42_e=10_bs=32_lr=0$05_embedding_size=100_cnn_channels=1-32-32_cnn_kernels=2-2_cnn_strides=2-2_dropout_prob=0$4_l_w=0$03_l_b=0$04	0.005025726916475813	0.0006997890431468619	0.002786660111857324	0.0005808080808080808	0.01557344773266243	0.0010967985815046443	0.028409090909090908
EASER_neighborhood=3781_l2_norm=3$72	0.029489494873509242	0.003987754308768867	0.021257126165463984	0.0028703703703703703	0.07901033399322045	0.00543639499209831	0.13152356902356901
