model	nDCG	MAP	MRR	Precision	Recall	F1	HR
GeneralizedMF_seed=42_e=15_bs=512_lr=0$5_mffactors=256_isedgeweighttrain=True	0.011584062660572296	0.007599245381212594	0.023326047358834246	0.005377049180327868	0.013389302864712701	0.007405376309502586	0.05311475409836065
NeuMF_seed=42_e=10_bs=256_lr=0$5_mffactors=256_drop=0_batch_eval=256_mftrain=True_mlptrain=True_m=8	0.012243633349277819	0.007985584179026802	0.02489071038251366	0.005770491803278689	0.013925649942043384	0.007872265953268846	0.05639344262295082
MultiVAE_seed=42_e=10_bs=256_intermediate_dim=800_latent_dim=400_reg_lambda=0$6_lr=0$6_dropout_pkeep=0$5	0.012028974957304763	0.00789352068696331	0.024591204787926098	0.005573770491803279	0.013570458685212785	0.00762376218017491	0.05442622950819672
NGCF_seed=42_e=15_bs=512_lr=0$09_factors=64_l_w=0$4_weight_size=64_node_dropout=_message_dropout=0$4_n_fold=5	0.009010897850604693	0.005091907364038511	0.014735623211033045	0.0045901639344262295	0.012156868632278467	0.006462971382394379	0.04590163934426229
MultiDAE_seed=42_e=5_bs=1024_intermediate_dim=600_latent_dim=200_reg_lambda=0$6_lr=0$7_dropout_pkeep=0$0	0.016610268037083147	0.008799869893312518	0.024890970595888625	0.009442622950819674	0.025146783999243017	0.013447428439307848	0.09049180327868853
ConvNeuMF_seed=42_e=10_bs=16_lr=0$06_embedding_size=50_cnn_channels=1-16-16_cnn_kernels=2-2_cnn_strides=2-2_dropout_prob=0$5_l_w=0$05_l_b=0$08	0.009673177701237236	0.005859536820192557	0.018059588862867553	0.0045901639344262295	0.011675284642497757	0.006393893669150803	0.043934426229508196
ConvMF_seed=42_e=10_bs=32_lr=0$05_embedding_size=100_cnn_channels=1-16-16_cnn_kernels=2-2_cnn_strides=2-2_dropout_prob=0$4_l_w=0$03_l_b=0$04	0.012243633349277819	0.007985584179026802	0.02489071038251366	0.005770491803278689	0.013925649942043384	0.007872265953268846	0.05639344262295082
EASER_neighborhood=1007_l2_norm=3$72	0.02070307194762086	0.011565157429091855	0.03329950559458756	0.010491803278688525	0.028726042627681973	0.014955570812648413	0.10098360655737705
