model	nDCG	MAP	MRR	Precision	Recall	F1	HR
GeneralizedMF_seed=42_e=15_bs=512_lr=0$5_mffactors=256_isedgeweighttrain=True	0.01563424339024037	0.006223169912077693	0.025872917041622315	0.004918032786885246	0.02401615688500934	0.007988219941558593	0.09311475409836066
NeuMF_seed=42_e=10_bs=256_lr=0$5_mffactors=256_drop=0_batch_eval=256_mftrain=True_mlptrain=True_m=8	0.016702481110707098	0.00683654162047554	0.027938852259640972	0.005147540983606558	0.025429186478366804	0.00835126192524528	0.09901639344262295
MultiVAE_seed=42_e=10_bs=256_intermediate_dim=800_latent_dim=400_reg_lambda=0$6_lr=0$6_dropout_pkeep=0$5	0.016642091032385464	0.006751899601157328	0.027774830221462713	0.005147540983606558	0.025429186478366804	0.00835126192524528	0.09901639344262295
NGCF_seed=42_e=15_bs=512_lr=0$09_factors=64_l_w=0$4_weight_size=64_node_dropout=_message_dropout=0$4_n_fold=5	0.014057138268655485	0.00498037536530025	0.018058221200433048	0.004918032786885246	0.025278371901322715	0.008054851970131654	0.09508196721311475
MultiDAE_seed=42_e=5_bs=1024_intermediate_dim=600_latent_dim=200_reg_lambda=0$6_lr=0$7_dropout_pkeep=0$0	0.02453905168841572	0.008884093475084693	0.029550402633283415	0.008622950819672133	0.04624597260662835	0.014312452209035173	0.15934426229508197
ConvNeuMF_seed=42_e=10_bs=16_lr=0$06_embedding_size=50_cnn_channels=1-16-16_cnn_kernels=2-2_cnn_strides=2-2_dropout_prob=0$5_l_w=0$05_l_b=0$08	0.013375453071887025	0.005309485005821858	0.020709663846673436	0.0042622950819672135	0.020934708278970576	0.006895645459752963	0.08
ConvMF_seed=42_e=10_bs=32_lr=0$05_embedding_size=100_cnn_channels=1-16-16_cnn_kernels=2-2_cnn_strides=2-2_dropout_prob=0$4_l_w=0$03_l_b=0$04	0.016702481110707098	0.00683654162047554	0.027938852259640972	0.005147540983606558	0.025429186478366804	0.00835126192524528	0.09901639344262295
EASER_neighborhood=1007_l2_norm=3$72	0.03006985734583004	0.010848625242245504	0.03878556391473206	0.009672131147540983	0.05422485529042905	0.01611252734689619	0.18098360655737705
