model	nDCG	MAP	MRR	Precision	Recall	F1	HR
GeneralizedMF_seed=42_e=15_bs=512_lr=0$5_mffactors=256_isedgeweighttrain=True	0.023179248432060384	0.00502048829000993	0.028452157218880697	0.004013114754098361	0.04919788044378208	0.007336213755938558	0.18098360655737705
NeuMF_seed=42_e=10_bs=256_lr=0$5_mffactors=256_drop=0_batch_eval=256_mftrain=True_mlptrain=True_m=8	0.025562721950007968	0.005608325881892683	0.031098692301990923	0.004419672131147541	0.05441229626475528	0.008087541661262779	0.19934426229508198
MultiVAE_seed=42_e=10_bs=256_intermediate_dim=800_latent_dim=400_reg_lambda=0$6_lr=0$6_dropout_pkeep=0$5	0.025436353407960424	0.00553600330115863	0.030888200761362096	0.00440655737704918	0.054318619449766986	0.008064533320739338	0.19934426229508198
NGCF_seed=42_e=15_bs=512_lr=0$09_factors=64_l_w=0$4_weight_size=64_node_dropout=_message_dropout=0$4_n_fold=5	0.024206389733029417	0.004869768233271339	0.021533615550699648	0.00460327868852459	0.05933116246231	0.008442087814088815	0.20918032786885246
MultiDAE_seed=42_e=5_bs=1024_intermediate_dim=600_latent_dim=200_reg_lambda=0$6_lr=0$7_dropout_pkeep=0$0	0.040341451440925	0.008278513516609324	0.034630983663023265	0.00759344262295082	0.09953185248267216	0.013971028180159335	0.3285245901639344
ConvNeuMF_seed=42_e=10_bs=16_lr=0$06_embedding_size=50_cnn_channels=1-16-16_cnn_kernels=2-2_cnn_strides=2-2_dropout_prob=0$5_l_w=0$05_l_b=0$08	0.023072132904188636	0.004719159717691019	0.024150393449865068	0.004367213114754099	0.052618059536092325	0.007967117523028918	0.19475409836065574
ConvMF_seed=42_e=10_bs=32_lr=0$05_embedding_size=100_cnn_channels=1-16-16_cnn_kernels=2-2_cnn_strides=2-2_dropout_prob=0$4_l_w=0$03_l_b=0$04	0.025562721950007968	0.005608325881892683	0.031098692301990923	0.004419672131147541	0.05441229626475528	0.008087541661262779	0.19934426229508198
EASER_neighborhood=1007_l2_norm=3$72	0.04791483716491762	0.009802763543608635	0.04453955162662909	0.008537704918032787	0.11325054544726675	0.015724758872254264	0.3659016393442623
