model	nDCG	MAP	MRR	Precision	Recall	F1	HR
GeneralizedMF_seed=42_e=10_bs=512_lr=0$5_mffactors=256_isedgeweighttrain=True	0.00474116260389752	0.0006894921107939144	0.002785115997562157	0.0005035669324381032	0.01450700730704927	0.0009561101865775718	0.024758707511540076
NeuMF_seed=42_e=10_bs=256_lr=0$5_mffactors=256_drop=0_batch_eval=256_mftrain=True_mlptrain=True_m=8	0.005147964988693397	0.0006073341798399184	0.0021878568463250636	0.0006084767100293748	0.018645514100297987	0.001159533234931249	0.029374737725556023
MultiVAE_seed=42_e=10_bs=256_intermediate_dim=800_latent_dim=400_reg_lambda=0$6_lr=0$6_dropout_pkeep=0$5	0.005141276894631646	0.0006067816826554811	0.00218275971470674	0.0006042803189257238	0.018632400378099077	0.0011531750665923844	0.029164918170373477
NGCF_seed=42_e=15_bs=512_lr=0$09_factors=64_l_w=0$4_weight_size=64_node_dropout=_message_dropout=0$4_n_fold=5	0.0036698024172387086	0.000493969923120916	0.0023843645554047833	0.00043642467477968946	0.011472433707011969	0.0008193067761772345	0.0209819555182543
MultiDAE_seed=42_e=5_bs=1024_intermediate_dim=600_latent_dim=200_reg_lambda=0$6_lr=0$7_dropout_pkeep=0$0	0.022902868771071616	0.0027831368338743934	0.013638940974105503	0.0023331934536298784	0.06819874356839624	0.004426132290680012	0.11204364246747797
ConvNeuMF_seed=42_e=10_bs=16_lr=0$05_embedding_size=50_cnn_channels=1-16-16_cnn_kernels=2-2_cnn_strides=2-2_dropout_prob=0$5_l_w=0$08_l_b=0$07	0.007095750809136651	0.0008326022205358053	0.004392889318031111	0.0007259756609315989	0.02101279117907318	0.0013804332471473056	0.03566932438103231
ConvMF_seed=42_e=10_bs=32_lr=0$05_embedding_size=100_cnn_channels=1-32-32_cnn_kernels=2-2_cnn_strides=2-2_dropout_prob=0$4_l_w=0$03_l_b=0$04	0.005147964988693397	0.0006073341798399184	0.0021878568463250636	0.0006084767100293748	0.018645514100297987	0.001159533234931249	0.029374737725556023
EASER_neighborhood=3794_l2_norm=3$72	0.030483816135673726	0.004196233052371905	0.022156088377058628	0.00317247167436005	0.08517092657369373	0.005998353606935243	0.1439362148552245
