model	nDCG	MAP	MRR	Precision	Recall	F1	HR
GeneralizedMF_seed=42_e=10_bs=512_lr=0$5_mffactors=256_isedgeweighttrain=True	0.0025087275986311513	0.0007036115607244437	0.0020722178926123533	0.000965169953839698	0.005693337063458759	0.001555646777558565	0.009651699538396978
NeuMF_seed=42_e=10_bs=256_lr=0$5_mffactors=256_drop=0_batch_eval=256_mftrain=True_mlptrain=True_m=8	0.0013769818822979185	0.0003527133332001146	0.0011189543659119823	0.0005245488879563575	0.0032591970905021675	0.0008581273950556368	0.005245488879563575
MultiVAE_seed=42_e=10_bs=256_intermediate_dim=800_latent_dim=400_reg_lambda=0$6_lr=0$6_dropout_pkeep=0$5	0.0013769818822979185	0.0003527133332001146	0.0011189543659119823	0.0005245488879563575	0.0032591970905021675	0.0008581273950556368	0.005245488879563575
NGCF_seed=42_e=15_bs=512_lr=0$09_factors=64_l_w=0$4_weight_size=64_node_dropout=_message_dropout=0$4_n_fold=5	0.0015687165777012498	0.0005911416182083409	0.0017759726635093822	0.0005665127989928661	0.002928215068374531	0.0008715410525380269	0.0056651279899286614
MultiDAE_seed=42_e=5_bs=1024_intermediate_dim=600_latent_dim=200_reg_lambda=0$6_lr=0$7_dropout_pkeep=0$0	0.011845526653505498	0.003560296478361943	0.01045134517648156	0.0032941670163659253	0.022827716648530748	0.0055068960957420105	0.03294167016365925
ConvNeuMF_seed=42_e=10_bs=16_lr=0$05_embedding_size=50_cnn_channels=1-16-16_cnn_kernels=2-2_cnn_strides=2-2_dropout_prob=0$5_l_w=0$08_l_b=0$07	0.0034174687167732817	0.0010582815445383635	0.0033211438163179667	0.0009022240872849351	0.006009111010684657	0.0014854361916432012	0.00902224087284935
ConvMF_seed=42_e=10_bs=32_lr=0$05_embedding_size=100_cnn_channels=1-32-32_cnn_kernels=2-2_cnn_strides=2-2_dropout_prob=0$4_l_w=0$03_l_b=0$04	0.0013769818822979185	0.0003527133332001146	0.0011189543659119823	0.0005245488879563575	0.0032591970905021675	0.0008581273950556368	0.005245488879563575
EASER_neighborhood=3794_l2_norm=3$72	0.015969616869594624	0.006050263440108173	0.018009678343291435	0.0047838858581619815	0.026662577758884937	0.007684861794726693	0.04699958036088964
