model	nDCG	MAP	MRR	Precision	Recall	F1	HR
NeuMF_seed=42_e=10_bs=256_lr=0$08_mffactors=256_drop=0$3_batch_eval=256_mftrain=True_mlptrain=True_m=8	0.0019619376797592367	0.00041522495419128475	0.0016745653553117956	0.0004708904109589041	0.00439166462818004	0.00082553160440854	0.009417808219178082
