model	nDCG	MAP	MRR	Precision	Recall	F1	HR
NeuMF_seed=42_e=10_bs=256_lr=0$08_mffactors=256_drop=0$3_batch_eval=256_mftrain=True_mlptrain=True_m=8	0.0031846383407573074	0.0004247588061548345	0.002006665227900552	0.0004195205479452055	0.009401868386243387	0.0007896866407182333	0.020761986301369863
