model	nDCG	MAP	MRR	Precision	Recall	F1	HR
NeuMF_seed=42_e=10_bs=256_lr=0$5_mffactors=256_drop=0_batch_eval=256_mftrain=True_mlptrain=True_m=8	0.0008464833187934901	0.00037519021313860834	0.0010823418941732345	0.00031466331025802394	0.0013550500963968553	0.000454230694670483	0.0031466331025802393
