model	nDCG	MAP	MRR	Precision	Recall	F1	HR
GeneralizedMF_seed=42_e=10_bs=512_lr=0$5_mffactors=256_isedgeweighttrain=True	0.004668839275756733	0.0006420587974550986	0.002731200833828668	0.0005412208936438011	0.014922130823392787	0.001021134910334599	0.02643171806167401
NeuMF_seed=42_e=10_bs=256_lr=0$5_mffactors=256_drop=0_batch_eval=256_mftrain=True_mlptrain=True_m=8	0.004617698629013623	0.0005561203623524603	0.002215528282837901	0.000578980490874764	0.016559492881078785	0.0010945530956660155	0.028739249003566184
MultiVAE_seed=42_e=10_bs=256_intermediate_dim=800_latent_dim=400_reg_lambda=0$6_lr=0$6_dropout_pkeep=0$5	0.004615289232904731	0.0005543502622878147	0.0022127675231004133	0.000578980490874764	0.016559492881078785	0.0010945530956660155	0.028739249003566184
NGCF_seed=42_e=15_bs=512_lr=0$09_factors=64_l_w=0$4_weight_size=64_node_dropout=_message_dropout=0$4_n_fold=5	0.0038769378389013577	0.0004675147729744185	0.0023510615069976277	0.0003901825047199497	0.011944118394716255	0.0007398270859203621	0.019299349695825467
MultiDAE_seed=42_e=5_bs=1024_intermediate_dim=600_latent_dim=200_reg_lambda=0$6_lr=0$7_dropout_pkeep=0$0	0.026187965636353443	0.003111171385819745	0.01754799252209673	0.0025718481225089156	0.07227195339215478	0.004878117803947464	0.1197818334382211
ConvNeuMF_seed=42_e=10_bs=16_lr=0$05_embedding_size=50_cnn_channels=1-16-16_cnn_kernels=2-2_cnn_strides=2-2_dropout_prob=0$5_l_w=0$08_l_b=0$07	0.008556034428928685	0.0010986940002826915	0.004814680404702986	0.000960771973987833	0.028112055881093008	0.0018288576955531861	0.047619047619047616
ConvMF_seed=42_e=10_bs=32_lr=0$05_embedding_size=100_cnn_channels=1-32-32_cnn_kernels=2-2_cnn_strides=2-2_dropout_prob=0$4_l_w=0$03_l_b=0$04	0.004617698629013623	0.0005561203623524603	0.002215528282837901	0.000578980490874764	0.016559492881078785	0.0010945530956660155	0.028739249003566184
EASER_neighborhood=3795_l2_norm=3$72	0.02744204136350347	0.003798894915728938	0.01833393898229365	0.00302076777847703	0.07869452955488529	0.005700486011059381	0.13740297881267044
