model	nDCG	MAP	MRR	Precision	Recall	F1	HR
NeuMF_seed=42_e=10_bs=256_lr=0$08_mffactors=256_drop=0$3_batch_eval=256_mftrain=True_mlptrain=True_m=8	0.0019922317508339065	0.00045338150154706705	0.001438401193270246	0.0004995748299319728	0.005177486007630566	0.0008787708600590506	0.009991496598639456
