model	nDCG	MAP	MRR	Precision	Recall	F1	HR
NeuMF_seed=42_e=10_bs=256_lr=0$08_mffactors=256_drop=0$3_batch_eval=256_mftrain=True_mlptrain=True_m=8	0.0038157061864285352	0.0005019073064783316	0.0019355933016169048	0.0005314625850340137	0.012699721346617605	0.0010005506373863015	0.02614795918367347
