model	nDCG	MAP	MRR	Precision	Recall	F1	HR
NeuMF_seed=42_e=10_bs=256_lr=0$08_mffactors=256_drop=0$3_batch_eval=256_mftrain=True_mlptrain=True_m=8	0.0011885691847622103	0.00035055440827124504	0.0010558390022675738	0.0004889455782312925	0.0025530450275348233	0.0007917036278380817	0.004889455782312925
