model	nDCG	MAP	MRR	Precision	Recall	F1	HR
NeuMF_seed=42_e=10_bs=256_lr=0$5_mffactors=256_drop=0_batch_eval=256_mftrain=True_mlptrain=True_m=8	0.004035838531395436	0.0004441395124333489	0.0015843702479604723	0.0004760901622077102	0.014723356834163662	0.0009026320641748251	0.02380450811038551
