model	nDCG	MAP	MRR	Precision	Recall	F1	HR
GeneralizedMF_seed=42_e=10_bs=512_lr=0$5_mffactors=256_isedgeweighttrain=True	0.002509083276464757	0.0006889896699420508	0.002073318216175359	0.0008253968253968255	0.00562610229276896	0.0013958792530221103	0.008253968253968255
NeuMF_seed=42_e=10_bs=256_lr=0$5_mffactors=256_drop=0_batch_eval=256_mftrain=True_mlptrain=True_m=8	0.0014163973294175924	0.0006414378096917779	0.0018832619467540103	0.00042328042328042335	0.0023097337700512303	0.0006625398233831082	0.004232804232804233
MultiVAE_seed=42_e=10_bs=256_intermediate_dim=800_latent_dim=400_reg_lambda=0$6_lr=0$6_dropout_pkeep=0$5	0.0014163973294175924	0.0006414378096917779	0.0018832619467540103	0.00042328042328042335	0.0023097337700512303	0.0006625398233831082	0.004232804232804233
NGCF_seed=42_e=15_bs=512_lr=0$09_factors=64_l_w=0$4_weight_size=64_node_dropout=_message_dropout=0$4_n_fold=5	0.001744728871016432	0.0005602754682119762	0.001688670529940371	0.000507936507936508	0.003060216679264298	0.0008323312749083057	0.004867724867724868
MultiDAE_seed=42_e=5_bs=1024_intermediate_dim=600_latent_dim=200_reg_lambda=0$6_lr=0$7_dropout_pkeep=0$0	0.01077690994003823	0.003746409674981103	0.010796590241034685	0.0035978835978835977	0.021387224302385766	0.005827518883259258	0.03597883597883598
ConvNeuMF_seed=42_e=10_bs=16_lr=0$05_embedding_size=50_cnn_channels=1-16-16_cnn_kernels=2-2_cnn_strides=2-2_dropout_prob=0$5_l_w=0$08_l_b=0$07	0.0037051237731993616	0.0015225161669606114	0.004720332577475435	0.0008677248677248678	0.0048767951625094475	0.0013865083147996313	0.008677248677248678
ConvMF_seed=42_e=10_bs=32_lr=0$05_embedding_size=100_cnn_channels=1-32-32_cnn_kernels=2-2_cnn_strides=2-2_dropout_prob=0$4_l_w=0$03_l_b=0$04	0.0014163973294175924	0.0006414378096917779	0.0018832619467540103	0.00042328042328042335	0.0023097337700512303	0.0006625398233831082	0.004232804232804233
EASER_neighborhood=3738_l2_norm=3$72	0.016000641601555725	0.0059229024943310655	0.01733744855967078	0.004846560846560847	0.02639452161827319	0.007683424842774054	0.04677248677248677
