model	nDCG	MAP	MRR	Precision	Recall	F1	HR
GeneralizedMF_seed=42_e=10_bs=512_lr=0$5_mffactors=256_isedgeweighttrain=True	0.004252449589784775	0.0004976428469849614	0.002250201931764525	0.0004187604690117253	0.013531351047054566	0.0007986616794696731	0.020938023450586266
NeuMF_seed=42_e=10_bs=256_lr=0$5_mffactors=256_drop=0_batch_eval=256_mftrain=True_mlptrain=True_m=8	0.004267693162024186	0.0005216945658891456	0.0018880138007340247	0.0004899497487437186	0.014886020712025737	0.0009323944356838533	0.02386934673366834
MultiVAE_seed=42_e=10_bs=256_intermediate_dim=800_latent_dim=400_reg_lambda=0$6_lr=0$6_dropout_pkeep=0$5	0.004260307857485135	0.0005206353351809099	0.0018822610795508768	0.0004857621440536014	0.014872062029725347	0.0009259519669298267	0.02365996649916248
NGCF_seed=42_e=15_bs=512_lr=0$09_factors=64_l_w=0$4_weight_size=64_node_dropout=_message_dropout=0$4_n_fold=5	0.0039523517295691315	0.0005015892153643506	0.002526755991450212	0.0004396984924623116	0.011891143125439608	0.0008251317621043367	0.021775544388609715
MultiDAE_seed=42_e=5_bs=1024_intermediate_dim=600_latent_dim=200_reg_lambda=0$6_lr=0$7_dropout_pkeep=0$0	0.027114986008117285	0.003561254183665647	0.016098007159123063	0.0029020100502512567	0.08216402450314467	0.0055055732246792905	0.13379396984924624
ConvNeuMF_seed=42_e=10_bs=16_lr=0$05_embedding_size=50_cnn_channels=1-16-16_cnn_kernels=2-2_cnn_strides=2-2_dropout_prob=0$5_l_w=0$08_l_b=0$07	0.00582301837543587	0.00072078302300322	0.004079175282516481	0.0006323283082077052	0.0172161928703256	0.0011904717159714345	0.03098827470686767
ConvMF_seed=42_e=10_bs=32_lr=0$05_embedding_size=100_cnn_channels=1-32-32_cnn_kernels=2-2_cnn_strides=2-2_dropout_prob=0$4_l_w=0$03_l_b=0$04	0.004267693162024186	0.0005216945658891456	0.0018880138007340247	0.0004899497487437186	0.014886020712025737	0.0009323944356838533	0.02386934673366834
EASER_neighborhood=3808_l2_norm=3$72	0.02916205861436242	0.003977903289029387	0.020447288333966588	0.002985762144053602	0.08050844732691466	0.0056596067723996705	0.13860971524288107
