model	nDCG	MAP	MRR	Precision	Recall	F1	HR
NeuMF_seed=42_e=10_bs=256_lr=0$08_mffactors=256_drop=0$3_batch_eval=256_mftrain=True_mlptrain=True_m=8	0.0020641672305990667	0.00042470746704867347	0.0014631701315762035	0.0005161290322580646	0.0053019713261648746	0.0008997763872334654	0.01010752688172043
