model	nDCG	MAP	MRR	Precision	Recall	F1	HR
NeuMF_seed=42_e=10_bs=256_lr=0$08_mffactors=256_drop=0$3_batch_eval=256_mftrain=True_mlptrain=True_m=8	0.0010908603894529793	0.0003563662741082096	0.0010029015190305514	0.0003440860215053764	0.0021827956989247314	0.0005665875343294699	0.0034408602150537634
