model	nDCG	MAP	MRR	Precision	Recall	F1	HR
GeneralizedMF_seed=42_e=15_bs=512_lr=0$5_mffactors=256_isedgeweighttrain=True	0.012184633744539748	0.004861702846101559	0.01865718190158183	0.004215686274509804	0.020215860755076438	0.006818018655912722	0.08300653594771241
NeuMF_seed=42_e=10_bs=256_lr=0$5_mffactors=256_drop=0_batch_eval=256_mftrain=True_mlptrain=True_m=8	0.013068346480684686	0.00503217235663132	0.020564903952492733	0.00415032679738562	0.020494305984502064	0.00674559526752548	0.07973856209150326
MultiVAE_seed=42_e=10_bs=256_intermediate_dim=800_latent_dim=400_reg_lambda=0$6_lr=0$6_dropout_pkeep=0$5	0.012898481683751439	0.0049162244329222105	0.02016940949740076	0.00411764705882353	0.020363587030253698	0.006693307685826134	0.07908496732026143
NGCF_seed=42_e=15_bs=512_lr=0$09_factors=64_l_w=0$4_weight_size=64_node_dropout=_message_dropout=0$4_n_fold=5	0.011894050982401627	0.004697556146741936	0.01607335302874974	0.004215686274509804	0.021202107623676254	0.006850553325798547	0.08104575163398693
MultiDAE_seed=42_e=5_bs=1024_intermediate_dim=600_latent_dim=200_reg_lambda=0$6_lr=0$7_dropout_pkeep=0$0	0.027402423154523983	0.0097350059221341	0.035198823917560636	0.00911764705882353	0.04922950324911108	0.015108759932668345	0.17058823529411765
ConvNeuMF_seed=42_e=10_bs=16_lr=0$06_embedding_size=50_cnn_channels=1-16-16_cnn_kernels=2-2_cnn_strides=2-2_dropout_prob=0$5_l_w=0$05_l_b=0$08	0.01456141900758612	0.00550230945421181	0.020689009512311278	0.004575163398692811	0.024467009025832556	0.007571532055221584	0.08758169934640522
ConvMF_seed=42_e=10_bs=32_lr=0$05_embedding_size=100_cnn_channels=1-16-16_cnn_kernels=2-2_cnn_strides=2-2_dropout_prob=0$4_l_w=0$03_l_b=0$04	0.013068346480684686	0.00503217235663132	0.020564903952492733	0.00415032679738562	0.020494305984502064	0.00674559526752548	0.07973856209150326
EASER_neighborhood=1010_l2_norm=3$72	0.028861727972880436	0.011065216454197667	0.0398971930062199	0.009411764705882354	0.05020123304437029	0.015525080150455716	0.17712418300653596
