model	nDCG	MAP	MRR	Precision	Recall	F1	HR
GeneralizedMF_seed=42_e=15_bs=512_lr=0$5_mffactors=256_isedgeweighttrain=True	0.009184640986970366	0.00522230003112356	0.01661764705882353	0.00522875816993464	0.01241499966990163	0.00711893284997759	0.05228758169934641
NeuMF_seed=42_e=10_bs=256_lr=0$5_mffactors=256_drop=0_batch_eval=256_mftrain=True_mlptrain=True_m=8	0.009380782399914016	0.0058051405747484176	0.01801716983089532	0.004379084967320261	0.010960680568523706	0.006072498187625973	0.04183006535947712
MultiVAE_seed=42_e=10_bs=256_intermediate_dim=800_latent_dim=400_reg_lambda=0$6_lr=0$6_dropout_pkeep=0$5	0.009188516481997247	0.0056808019504097935	0.017597001763668428	0.004248366013071895	0.010775495383338518	0.005925934511650531	0.040522875816993466
NGCF_seed=42_e=15_bs=512_lr=0$09_factors=64_l_w=0$4_weight_size=64_node_dropout=_message_dropout=0$4_n_fold=5	0.008774960653844418	0.004858958398174085	0.013932461873638344	0.005032679738562091	0.013192239858906525	0.007027079938055473	0.04967320261437908
MultiDAE_seed=42_e=5_bs=1024_intermediate_dim=600_latent_dim=200_reg_lambda=0$6_lr=0$7_dropout_pkeep=0$0	0.01834616943462343	0.010167678182384066	0.029608102500259362	0.009215686274509804	0.025294424166973188	0.01314889257370894	0.08823529411764706
ConvNeuMF_seed=42_e=10_bs=16_lr=0$06_embedding_size=50_cnn_channels=1-16-16_cnn_kernels=2-2_cnn_strides=2-2_dropout_prob=0$5_l_w=0$05_l_b=0$08	0.010512920886252644	0.006154632223259675	0.01804907148044403	0.005032679738562091	0.014054362485735033	0.007212654327782113	0.04967320261437908
ConvMF_seed=42_e=10_bs=32_lr=0$05_embedding_size=100_cnn_channels=1-16-16_cnn_kernels=2-2_cnn_strides=2-2_dropout_prob=0$4_l_w=0$03_l_b=0$04	0.009380782399914016	0.0058051405747484176	0.01801716983089532	0.004379084967320261	0.010960680568523706	0.006072498187625973	0.04183006535947712
EASER_neighborhood=1010_l2_norm=3$72	0.021002401152016733	0.012024483867621123	0.03506095030604835	0.01104575163398693	0.02927322495949947	0.015563686925480531	0.10588235294117647
