model	nDCG	MAP	MRR	Precision	Recall	F1	HR
GeneralizedMF_seed=42_e=15_bs=512_lr=0$5_mffactors=256_isedgeweighttrain=True	0.020441294586069005	0.004429924615533952	0.02177193291781678	0.003869281045751634	0.04722354987060869	0.007071551541007581	0.18169934640522875
NeuMF_seed=42_e=10_bs=256_lr=0$5_mffactors=256_drop=0_batch_eval=256_mftrain=True_mlptrain=True_m=8	0.021441438966262036	0.004494053011899399	0.023707317410949016	0.003934640522875817	0.04785375481453913	0.00718208875099162	0.1803921568627451
MultiVAE_seed=42_e=10_bs=256_intermediate_dim=800_latent_dim=400_reg_lambda=0$6_lr=0$6_dropout_pkeep=0$5	0.021281561363928607	0.004403683101412161	0.023285532104460712	0.003934640522875817	0.04785375481453913	0.00718208875099162	0.1803921568627451
NGCF_seed=42_e=15_bs=512_lr=0$09_factors=64_l_w=0$4_weight_size=64_node_dropout=_message_dropout=0$4_n_fold=5	0.02097520299854968	0.00444965635868078	0.0194393789566851	0.0040915032679738565	0.05113655951891245	0.007479208059880467	0.18823529411764706
MultiDAE_seed=42_e=5_bs=1024_intermediate_dim=600_latent_dim=200_reg_lambda=0$6_lr=0$7_dropout_pkeep=0$0	0.0415551096747631	0.008688012559780462	0.03970823567843544	0.007411764705882353	0.09639058653764535	0.013620225485851591	0.3176470588235294
ConvNeuMF_seed=42_e=10_bs=16_lr=0$06_embedding_size=50_cnn_channels=1-16-16_cnn_kernels=2-2_cnn_strides=2-2_dropout_prob=0$5_l_w=0$05_l_b=0$08	0.02397997376907702	0.00480615952749786	0.02388246095094456	0.004274509803921568	0.05643400172811937	0.00786473813348361	0.19477124183006536
ConvMF_seed=42_e=10_bs=32_lr=0$05_embedding_size=100_cnn_channels=1-16-16_cnn_kernels=2-2_cnn_strides=2-2_dropout_prob=0$4_l_w=0$03_l_b=0$04	0.021441438966262036	0.004494053011899399	0.023707317410949016	0.003934640522875817	0.04785375481453913	0.00718208875099162	0.1803921568627451
EASER_neighborhood=1010_l2_norm=3$72	0.043814125271106154	0.009425495373240734	0.044626517936146595	0.007594771241830066	0.10057406101523748	0.013968444893917705	0.32679738562091504
