model	nDCG	MAP	MRR	Precision	Recall	F1	HR
GeneralizedMF_seed=42_e=15_bs=512_lr=0$5_mffactors=256_isedgeweighttrain=True	0.01409240249345715	0.00530059688405551	0.020883816082014842	0.004629629629629629	0.02312559549149587	0.007505001698955967	0.08812260536398467
NeuMF_seed=42_e=10_bs=256_lr=0$5_mffactors=256_drop=0_batch_eval=256_mftrain=True_mlptrain=True_m=8	0.015127544848314132	0.005729685518720309	0.023706740311131614	0.004853128991060026	0.023633203039333306	0.007836180393071983	0.09003831417624521
MultiVAE_seed=42_e=10_bs=256_intermediate_dim=800_latent_dim=400_reg_lambda=0$6_lr=0$6_dropout_pkeep=0$5	0.015107654662764628	0.005691864996282543	0.02365748762177418	0.004853128991060026	0.023633203039333306	0.007836180393071983	0.09003831417624521
NGCF_seed=42_e=15_bs=512_lr=0$09_factors=64_l_w=0$4_weight_size=64_node_dropout=_message_dropout=0$4_n_fold=5	0.012789957431709794	0.004831858852886426	0.018394298008754195	0.004278416347381866	0.021551470737294496	0.006951571847782606	0.08365261813537675
MultiDAE_seed=42_e=5_bs=1024_intermediate_dim=600_latent_dim=200_reg_lambda=0$6_lr=0$7_dropout_pkeep=0$0	0.026971395543615932	0.009182028990283886	0.030838062672264896	0.009642401021711367	0.05337250907174278	0.01603684001255795	0.17943805874840357
ConvNeuMF_seed=42_e=10_bs=16_lr=0$06_embedding_size=50_cnn_channels=1-16-16_cnn_kernels=2-2_cnn_strides=2-2_dropout_prob=0$5_l_w=0$05_l_b=0$08	0.015127544848314132	0.005729685518720309	0.023706740311131614	0.004853128991060026	0.023633203039333306	0.007836180393071983	0.09003831417624521
ConvMF_seed=42_e=10_bs=32_lr=0$05_embedding_size=100_cnn_channels=1-16-16_cnn_kernels=2-2_cnn_strides=2-2_dropout_prob=0$4_l_w=0$03_l_b=0$04	0.015127544848314132	0.005729685518720309	0.023706740311131614	0.004853128991060026	0.023633203039333306	0.007836180393071983	0.09003831417624521
EASER_neighborhood=1029_l2_norm=3$72	0.030434423414594902	0.011111693763326859	0.03970302811069154	0.009929757343550448	0.05455920728909234	0.0164726274684751	0.18646232439335889
