model	nDCG	MAP	MRR	Precision	Recall	F1	HR
GeneralizedMF_seed=42_e=15_bs=512_lr=0$5_mffactors=256_isedgeweighttrain=True	0.021406667262253622	0.004585341153872978	0.023466593006655708	0.0038441890166028094	0.04714898943826148	0.0070157321910124595	0.1724137931034483
NeuMF_seed=42_e=10_bs=256_lr=0$5_mffactors=256_drop=0_batch_eval=256_mftrain=True_mlptrain=True_m=8	0.024746119014634495	0.005129268824147236	0.027142417629356604	0.004469987228607918	0.05552088574119226	0.00816723618958833	0.19923371647509577
MultiVAE_seed=42_e=10_bs=256_intermediate_dim=800_latent_dim=400_reg_lambda=0$6_lr=0$6_dropout_pkeep=0$5	0.02452522797935262	0.005071766908428647	0.027003121405032544	0.004418901660280971	0.0549408516841467	0.008074248142922963	0.19731800766283525
NGCF_seed=42_e=15_bs=512_lr=0$09_factors=64_l_w=0$4_weight_size=64_node_dropout=_message_dropout=0$4_n_fold=5	0.021932302304834502	0.004515913452404107	0.021606869752052806	0.004061302681992338	0.05205788960578233	0.007446091982415736	0.18582375478927204
MultiDAE_seed=42_e=5_bs=1024_intermediate_dim=600_latent_dim=200_reg_lambda=0$6_lr=0$7_dropout_pkeep=0$0	0.04623936636519376	0.009176136749886175	0.036843097341222604	0.008901660280970626	0.11801404392400561	0.016384965977341893	0.37611749680715195
ConvNeuMF_seed=42_e=10_bs=16_lr=0$06_embedding_size=50_cnn_channels=1-16-16_cnn_kernels=2-2_cnn_strides=2-2_dropout_prob=0$5_l_w=0$05_l_b=0$08	0.024746119014634495	0.005129268824147236	0.027142417629356604	0.004469987228607918	0.05552088574119226	0.00816723618958833	0.19923371647509577
ConvMF_seed=42_e=10_bs=32_lr=0$05_embedding_size=100_cnn_channels=1-16-16_cnn_kernels=2-2_cnn_strides=2-2_dropout_prob=0$4_l_w=0$03_l_b=0$04	0.024746119014634495	0.005129268824147236	0.027142417629356604	0.004469987228607918	0.05552088574119226	0.00816723618958833	0.19923371647509577
EASER_neighborhood=1029_l2_norm=3$72	0.045290188142672334	0.009757494468743966	0.0446581521491705	0.007841634738186463	0.10351420610041298	0.014428365042071806	0.34099616858237547
