model	nDCG	MAP	MRR	Precision	Recall	F1	HR
NeuMF_seed=42_e=10_bs=256_lr=0$5_mffactors=256_drop=0_batch_eval=256_mftrain=True_mlptrain=True_m=8	0.010452408718993448	0.006498205923493281	0.02062605161264165	0.004661558109833972	0.011888567300444694	0.006448061652206226	0.04533844189016603
