model	nDCG	MAP	MRR	Precision	Recall	F1	HR
GeneralizedMF_seed=42_e=15_bs=512_lr=0$5_mffactors=256_isedgeweighttrain=True	0.009937992302862242	0.0057558687587423215	0.0179823227715948	0.004853128991060026	0.012436396440227855	0.006723642297405984	0.04597701149425287
NeuMF_seed=42_e=10_bs=256_lr=0$5_mffactors=256_drop=0_batch_eval=256_mftrain=True_mlptrain=True_m=8	0.010452408718993448	0.006498205923493281	0.02062605161264165	0.004661558109833972	0.011888567300444694	0.006448061652206226	0.04533844189016603
MultiVAE_seed=42_e=10_bs=256_intermediate_dim=800_latent_dim=400_reg_lambda=0$6_lr=0$6_dropout_pkeep=0$5	0.010404964659042577	0.00647585598735024	0.020544456607675	0.004597701149425288	0.011817615122212822	0.006380843799144453	0.04469987228607918
NGCF_seed=42_e=15_bs=512_lr=0$09_factors=64_l_w=0$4_weight_size=64_node_dropout=_message_dropout=0$4_n_fold=5	0.009433942826042154	0.005343180482069371	0.01602708346003365	0.004789272030651341	0.012923432463662348	0.00674942696015493	0.04725415070242656
MultiDAE_seed=42_e=5_bs=1024_intermediate_dim=600_latent_dim=200_reg_lambda=0$6_lr=0$7_dropout_pkeep=0$0	0.0169878837649483	0.009033986093373067	0.02486975207281721	0.009323116219667945	0.026575645158020633	0.013439753352775426	0.08812260536398467
ConvNeuMF_seed=42_e=10_bs=16_lr=0$06_embedding_size=50_cnn_channels=1-16-16_cnn_kernels=2-2_cnn_strides=2-2_dropout_prob=0$5_l_w=0$05_l_b=0$08	0.010452408718993448	0.006498205923493281	0.02062605161264165	0.004661558109833972	0.011888567300444694	0.006448061652206226	0.04533844189016603
ConvMF_seed=42_e=10_bs=32_lr=0$05_embedding_size=100_cnn_channels=1-16-16_cnn_kernels=2-2_cnn_strides=2-2_dropout_prob=0$4_l_w=0$03_l_b=0$04	0.010452408718993448	0.006498205923493281	0.02062605161264165	0.004661558109833972	0.011888567300444694	0.006448061652206226	0.04533844189016603
EASER_neighborhood=1029_l2_norm=3$72	0.02110743431657648	0.011907701352145797	0.03415333779318453	0.010727969348659001	0.02955386283930345	0.015314498662066363	0.1040868454661558
