model	nDCG	MAP	MRR	Precision	Recall	F1	HR
NeuMF_seed=42_e=10_bs=256_lr=0$5_mffactors=256_drop=0_batch_eval=256_mftrain=True_mlptrain=True_m=8	0.024746119014634495	0.005129268824147236	0.027142417629356604	0.004469987228607918	0.05552088574119226	0.00816723618958833	0.19923371647509577
