model	nDCG	MAP	MRR	Precision	Recall	F1	HR
GeneralizedMF_seed=42_e=15_bs=512_lr=0$5_mffactors=256_isedgeweighttrain=True	0.013186030764000113	0.004923963444451212	0.01803992993496813	0.004343690551680406	0.02227380700747853	0.007116610025564554	0.08306911857958148
NeuMF_seed=42_e=10_bs=256_lr=0$5_mffactors=256_drop=0_batch_eval=256_mftrain=True_mlptrain=True_m=8	0.013540037689795543	0.005200177748736411	0.021233939004139897	0.004026632847178187	0.02138486935290248	0.006598887346765398	0.07926442612555486
MultiVAE_seed=42_e=10_bs=256_intermediate_dim=800_latent_dim=400_reg_lambda=0$6_lr=0$6_dropout_pkeep=0$5	0.013417689990325676	0.00511678493156998	0.02103683019545426	0.003994927076727965	0.021173497549900996	0.006543746876417186	0.07863031071655041
NGCF_seed=42_e=15_bs=512_lr=0$09_factors=64_l_w=0$4_weight_size=64_node_dropout=_message_dropout=0$4_n_fold=5	0.012919608993781972	0.004770238788548871	0.01808724597654474	0.004533925174381738	0.02300132404761447	0.007384656350551034	0.08814204185161699
MultiDAE_seed=42_e=5_bs=1024_intermediate_dim=600_latent_dim=200_reg_lambda=0$6_lr=0$7_dropout_pkeep=0$0	0.0263568163722015	0.00947362838397811	0.031847207757963375	0.009194673430564364	0.04941761066756403	0.01517137631568583	0.17057704502219403
ConvNeuMF_seed=42_e=10_bs=16_lr=0$06_embedding_size=50_cnn_channels=1-16-16_cnn_kernels=2-2_cnn_strides=2-2_dropout_prob=0$5_l_w=0$05_l_b=0$08	0.014371912923339964	0.005639210341714754	0.021157899593754796	0.004629042485732404	0.023796482259125402	0.007543519890580912	0.08814204185161699
ConvMF_seed=42_e=10_bs=32_lr=0$05_embedding_size=100_cnn_channels=1-16-16_cnn_kernels=2-2_cnn_strides=2-2_dropout_prob=0$4_l_w=0$03_l_b=0$04	0.013540037689795543	0.005200177748736411	0.021233939004139897	0.004026632847178187	0.02138486935290248	0.006598887346765398	0.07926442612555486
EASER_neighborhood=1022_l2_norm=3$72	0.03011475439751894	0.011308069806698507	0.04124758793175821	0.00948002536461636	0.051322878571190694	0.01570447110754534	0.17628408370323398
