model	nDCG	MAP	MRR	Precision	Recall	F1	HR
GeneralizedMF_seed=42_e=15_bs=512_lr=0$5_mffactors=256_isedgeweighttrain=True	0.009592455014872938	0.005328733480287062	0.015653843443951244	0.0048192771084337345	0.013158146369940917	0.006855705244109767	0.04755865567533291
NeuMF_seed=42_e=10_bs=256_lr=0$5_mffactors=256_drop=0_batch_eval=256_mftrain=True_mlptrain=True_m=8	0.010260466167032732	0.006079682137069581	0.019149278819538804	0.0048192771084337345	0.01249894973457956	0.006678965222885078	0.04819277108433735
MultiVAE_seed=42_e=10_bs=256_intermediate_dim=800_latent_dim=400_reg_lambda=0$6_lr=0$6_dropout_pkeep=0$5	0.010144628795252277	0.00598934585459633	0.018974142182766152	0.004755865567533291	0.01228757793157808	0.006581409006115165	0.04755865567533291
NGCF_seed=42_e=15_bs=512_lr=0$09_factors=64_l_w=0$4_weight_size=64_node_dropout=_message_dropout=0$4_n_fold=5	0.008537502691125307	0.005158025586053486	0.015167939930146652	0.004375396322130628	0.011596008092520458	0.006134244608264527	0.04375396322130628
MultiDAE_seed=42_e=5_bs=1024_intermediate_dim=600_latent_dim=200_reg_lambda=0$6_lr=0$7_dropout_pkeep=0$0	0.017761574290941204	0.009297113265090438	0.02658075912673249	0.009701965757767914	0.027077231230687157	0.013874039479786568	0.09511731135066583
ConvNeuMF_seed=42_e=10_bs=16_lr=0$06_embedding_size=50_cnn_channels=1-16-16_cnn_kernels=2-2_cnn_strides=2-2_dropout_prob=0$5_l_w=0$05_l_b=0$08	0.01077169125233282	0.006345607995893347	0.01880529637346378	0.005580215599239062	0.014042657207266105	0.007673298365808899	0.05263157894736842
ConvMF_seed=42_e=10_bs=32_lr=0$05_embedding_size=100_cnn_channels=1-16-16_cnn_kernels=2-2_cnn_strides=2-2_dropout_prob=0$4_l_w=0$03_l_b=0$04	0.010260466167032732	0.006079682137069581	0.019149278819538804	0.0048192771084337345	0.01249894973457956	0.006678965222885078	0.04819277108433735
EASER_neighborhood=1022_l2_norm=3$72	0.02169337859454959	0.012532737466155347	0.03621553884711779	0.010843373493975905	0.028593112388666124	0.015261101468570647	0.10209258084971465
