model	nDCG	MAP	MRR	Precision	Recall	F1	HR
GeneralizedMF_seed=42_e=15_bs=512_lr=0$5_mffactors=256_isedgeweighttrain=True	0.019717841653960875	0.004320391018964723	0.020480607001615678	0.0035003170577045024	0.043356886191382074	0.006404105780715345	0.15916296766011415
NeuMF_seed=42_e=10_bs=256_lr=0$5_mffactors=256_drop=0_batch_eval=256_mftrain=True_mlptrain=True_m=8	0.022325227140087826	0.0046200414911859505	0.024458936946514874	0.0038681039949270764	0.05013200645451009	0.007092013849799785	0.17564996829422955
MultiVAE_seed=42_e=10_bs=256_intermediate_dim=800_latent_dim=400_reg_lambda=0$6_lr=0$6_dropout_pkeep=0$5	0.022197993139690033	0.004547876242571227	0.0242346711119003	0.003855421686746988	0.05000518337270919	0.007068955107654168	0.17501585288522511
NGCF_seed=42_e=15_bs=512_lr=0$09_factors=64_l_w=0$4_weight_size=64_node_dropout=_message_dropout=0$4_n_fold=5	0.021405502012033076	0.004465980602107141	0.021038878297193253	0.004058338617628408	0.0512681164393276	0.0074219500708692585	0.18389346861128725
MultiDAE_seed=42_e=5_bs=1024_intermediate_dim=600_latent_dim=200_reg_lambda=0$6_lr=0$7_dropout_pkeep=0$0	0.046332385698822996	0.009224822870608796	0.03799896960541524	0.008738110336081167	0.11716078660668162	0.016091378757635312	0.36715282181357006
ConvNeuMF_seed=42_e=10_bs=16_lr=0$06_embedding_size=50_cnn_channels=1-16-16_cnn_kernels=2-2_cnn_strides=2-2_dropout_prob=0$5_l_w=0$05_l_b=0$08	0.022677778416597388	0.004757001318719813	0.024015100208456222	0.004045656309448319	0.05183252709922858	0.007412810353776806	0.18452758402029168
ConvMF_seed=42_e=10_bs=32_lr=0$05_embedding_size=100_cnn_channels=1-16-16_cnn_kernels=2-2_cnn_strides=2-2_dropout_prob=0$4_l_w=0$03_l_b=0$04	0.022325227140087826	0.0046200414911859505	0.024458936946514874	0.0038681039949270764	0.05013200645451009	0.007092013849799785	0.17564996829422955
EASER_neighborhood=1022_l2_norm=3$72	0.04561178630604628	0.009607749753257499	0.046092069079982895	0.007698161065313887	0.103599906482334	0.014198435569539874	0.3303741280913126
