model	nDCG	MAP	MRR	Precision	Recall	F1	HR
NeuMF_seed=42_e=10_bs=256_lr=0$5_mffactors=256_drop=0_batch_eval=256_mftrain=True_mlptrain=True_m=8	0.0015596996185715702	0.00030721670806805256	0.0009951465705279232	0.00033528918692372173	0.0042256953719652796	0.0005939846939293841	0.006286672254819782
