model	nDCG	MAP	MRR	Precision	Recall	F1	HR
NeuMF_seed=42_e=10_bs=256_lr=0$5_mffactors=256_drop=0_batch_eval=256_mftrain=True_mlptrain=True_m=8	0.001580489585679156	0.00047071015055949147	0.001303570183042876	0.0005231219920485457	0.003267768710329916	0.0008750334550711199	0.0052312199204854574
