model	nDCG	MAP	MRR	Precision	Recall	F1	HR
GeneralizedMF_seed=42_e=10_bs=512_lr=0$5_mffactors=256_isedgeweighttrain=True	0.004499257279997681	0.0006343047702390179	0.002492038354500911	0.0004980121364302155	0.01392056438952787	0.000942288456313481	0.024691358024691357
NeuMF_seed=42_e=10_bs=256_lr=0$5_mffactors=256_drop=0_batch_eval=256_mftrain=True_mlptrain=True_m=8	0.00519026853725246	0.0006261709442748237	0.0023798585894272777	0.0006026365348399248	0.01797360488324633	0.0011470279088399299	0.029922577945176814
MultiVAE_seed=42_e=10_bs=256_intermediate_dim=800_latent_dim=400_reg_lambda=0$6_lr=0$6_dropout_pkeep=0$5	0.005188689649698542	0.0006246215781836787	0.002377311901709772	0.0006026365348399248	0.01797360488324633	0.0011470279088399299	0.029922577945176814
NGCF_seed=42_e=15_bs=512_lr=0$09_factors=64_l_w=0$4_weight_size=64_node_dropout=_message_dropout=0$4_n_fold=5	0.0036976329919309967	0.0004352063950038321	0.0023845797597964054	0.0004101276417660598	0.011032898681065292	0.0007763048372480749	0.020506382088302993
MultiDAE_seed=42_e=5_bs=1024_intermediate_dim=600_latent_dim=200_reg_lambda=0$6_lr=0$7_dropout_pkeep=0$0	0.02195972779132599	0.00279090037267386	0.014812212167703485	0.0022975517890772125	0.06309115136798753	0.004354263095452149	0.10839087675245868
ConvNeuMF_seed=42_e=10_bs=16_lr=0$05_embedding_size=50_cnn_channels=1-16-16_cnn_kernels=2-2_cnn_strides=2-2_dropout_prob=0$5_l_w=0$08_l_b=0$07	0.00824971677823145	0.0010322344183842569	0.00547097184373796	0.0007742205482318476	0.024083891769723163	0.0014776396785734119	0.038292529817953544
ConvMF_seed=42_e=10_bs=32_lr=0$05_embedding_size=100_cnn_channels=1-32-32_cnn_kernels=2-2_cnn_strides=2-2_dropout_prob=0$4_l_w=0$03_l_b=0$04	0.00519026853725246	0.0006261709442748237	0.0023798585894272777	0.0006026365348399248	0.01797360488324633	0.0011470279088399299	0.029922577945176814
EASER_neighborhood=3786_l2_norm=3$72	0.029170391786846887	0.0039029531865192968	0.020950330525766923	0.002929483155471856	0.07782275973548262	0.005529100547801073	0.13308223477715003
