model	nDCG	MAP	MRR	Precision	Recall	F1	HR
GeneralizedMF_seed=42_e=15_bs=512_lr=0$5_mffactors=256_isedgeweighttrain=True	0.014427137734212264	0.005596227737011859	0.023325863779898853	0.004353393085787452	0.02230100067808134	0.007132329964379618	0.08322663252240717
NeuMF_seed=42_e=10_bs=256_lr=0$5_mffactors=256_drop=0_batch_eval=256_mftrain=True_mlptrain=True_m=8	0.015952938447762646	0.006281353731257206	0.02699396070213431	0.004449423815621	0.023480298688365268	0.007337622087512437	0.08450704225352113
MultiVAE_seed=42_e=10_bs=256_intermediate_dim=800_latent_dim=400_reg_lambda=0$6_lr=0$6_dropout_pkeep=0$5	0.015633371799059388	0.006184664221113283	0.02645792200423676	0.004353393085787452	0.023026820241929077	0.007182872774771696	0.08258642765685019
NGCF_seed=42_e=15_bs=512_lr=0$09_factors=64_l_w=0$4_weight_size=64_node_dropout=_message_dropout=0$4_n_fold=5	0.011310349769150583	0.004123111371671158	0.014738776489434531	0.0037451984635083224	0.020323693947253484	0.0061928117103815985	0.07170294494238157
MultiDAE_seed=42_e=5_bs=1024_intermediate_dim=600_latent_dim=200_reg_lambda=0$6_lr=0$7_dropout_pkeep=0$0	0.017059571173529006	0.006704960235991094	0.023172299005853672	0.005793854033290653	0.0296361733301554	0.009481375857664915	0.1088348271446863
ConvNeuMF_seed=42_e=10_bs=16_lr=0$06_embedding_size=50_cnn_channels=1-16-16_cnn_kernels=2-2_cnn_strides=2-2_dropout_prob=0$5_l_w=0$05_l_b=0$08	0.015952938447762646	0.006281353731257206	0.02699396070213431	0.004449423815621	0.023480298688365268	0.007337622087512437	0.08450704225352113
ConvMF_seed=42_e=10_bs=32_lr=0$05_embedding_size=100_cnn_channels=1-16-16_cnn_kernels=2-2_cnn_strides=2-2_dropout_prob=0$4_l_w=0$03_l_b=0$04	0.015952938447762646	0.006281353731257206	0.02699396070213431	0.004449423815621	0.023480298688365268	0.007337622087512437	0.08450704225352113
EASER_neighborhood=1017_l2_norm=3$72	0.02688709956508084	0.010476690184983217	0.0389179907793666	0.008162612035851472	0.043791860437186934	0.01352023209596994	0.14852752880921896
