model	nDCG	MAP	MRR	Precision	Recall	F1	HR
GeneralizedMF_seed=42_e=15_bs=512_lr=0$5_mffactors=256_isedgeweighttrain=True	0.010791229497724207	0.006561769607544254	0.02089328902709185	0.0048655569782330346	0.013069325041156024	0.006872892135941018	0.04801536491677337
NeuMF_seed=42_e=10_bs=256_lr=0$5_mffactors=256_drop=0_batch_eval=256_mftrain=True_mlptrain=True_m=8	0.012007045294861142	0.007881150539601244	0.02456811576529886	0.004993597951344431	0.013039370289690391	0.006995882187745443	0.04865556978233035
MultiVAE_seed=42_e=10_bs=256_intermediate_dim=800_latent_dim=400_reg_lambda=0$6_lr=0$6_dropout_pkeep=0$5	0.011814905365712386	0.00776131536694917	0.024113113021563725	0.004929577464788733	0.01293266947876423	0.00691585657955082	0.04801536491677337
NGCF_seed=42_e=15_bs=512_lr=0$09_factors=64_l_w=0$4_weight_size=64_node_dropout=_message_dropout=0$4_n_fold=5	0.0082209964421566	0.004319579090705851	0.012831788712070401	0.004289372599231754	0.012192560960166594	0.006202283891758335	0.04289372599231754
MultiDAE_seed=42_e=5_bs=1024_intermediate_dim=600_latent_dim=200_reg_lambda=0$6_lr=0$7_dropout_pkeep=0$0	0.012409527845867222	0.007414309086844298	0.020227679206552444	0.006658130601792574	0.017616811983009163	0.009364716241814746	0.0646606914212548
ConvNeuMF_seed=42_e=10_bs=16_lr=0$06_embedding_size=50_cnn_channels=1-16-16_cnn_kernels=2-2_cnn_strides=2-2_dropout_prob=0$5_l_w=0$05_l_b=0$08	0.012007045294861142	0.007881150539601244	0.02456811576529886	0.004993597951344431	0.013039370289690391	0.006995882187745443	0.04865556978233035
ConvMF_seed=42_e=10_bs=32_lr=0$05_embedding_size=100_cnn_channels=1-16-16_cnn_kernels=2-2_cnn_strides=2-2_dropout_prob=0$4_l_w=0$03_l_b=0$04	0.012007045294861142	0.007881150539601244	0.02456811576529886	0.004993597951344431	0.013039370289690391	0.006995882187745443	0.04865556978233035
EASER_neighborhood=1017_l2_norm=3$72	0.020207307962890116	0.012150453224396885	0.03514699306952828	0.009795134443021767	0.02584653929084147	0.013865116288480002	0.09346991037131883
