model	nDCG	MAP	MRR	Precision	Recall	F1	HR
GeneralizedMF_seed=42_e=15_bs=512_lr=0$5_mffactors=256_isedgeweighttrain=True	0.021959075469050147	0.004647101559947255	0.02597332801738846	0.0037259923175416137	0.04734093264823098	0.006828108078644529	0.16837387964148529
NeuMF_seed=42_e=10_bs=256_lr=0$5_mffactors=256_drop=0_batch_eval=256_mftrain=True_mlptrain=True_m=8	0.025570281971274367	0.005173234553148097	0.030377009226039985	0.004289372599231754	0.05560385517171689	0.007880535742746234	0.19270166453265045
MultiVAE_seed=42_e=10_bs=256_intermediate_dim=800_latent_dim=400_reg_lambda=0$6_lr=0$6_dropout_pkeep=0$5	0.025184080083823616	0.005082079083546715	0.029813310133487828	0.004212548015364917	0.05508813458557376	0.007747251044385515	0.19014084507042253
NGCF_seed=42_e=15_bs=512_lr=0$09_factors=64_l_w=0$4_weight_size=64_node_dropout=_message_dropout=0$4_n_fold=5	0.019908121935384503	0.003851625707469993	0.01770191410579935	0.003738796414852753	0.049461152021971475	0.006873472644384425	0.17157490396927016
MultiDAE_seed=42_e=5_bs=1024_intermediate_dim=600_latent_dim=200_reg_lambda=0$6_lr=0$7_dropout_pkeep=0$0	0.02968572875586079	0.0060912881868561055	0.027444943516813997	0.005685019206145967	0.07166666915386506	0.01042252926137172	0.24903969270166454
ConvNeuMF_seed=42_e=10_bs=16_lr=0$06_embedding_size=50_cnn_channels=1-16-16_cnn_kernels=2-2_cnn_strides=2-2_dropout_prob=0$5_l_w=0$05_l_b=0$08	0.025570281971274367	0.005173234553148097	0.030377009226039985	0.004289372599231754	0.05560385517171689	0.007880535742746234	0.19270166453265045
ConvMF_seed=42_e=10_bs=32_lr=0$05_embedding_size=100_cnn_channels=1-16-16_cnn_kernels=2-2_cnn_strides=2-2_dropout_prob=0$4_l_w=0$03_l_b=0$04	0.025570281971274367	0.005173234553148097	0.030377009226039985	0.004289372599231754	0.05560385517171689	0.007880535742746234	0.19270166453265045
EASER_neighborhood=1017_l2_norm=3$72	0.0438907366128507	0.008963644787088956	0.044298831549045535	0.00763124199743918	0.10101034617679944	0.014053505083713313	0.323303457106274
